date,airline,flight_number,origin,destination,original_route,new_route,original_distance_km,new_distance_km,additional_distance_km,extra_fuel_cost_usd,delay_hours
2026-02-28,Emirates,EM7129,Islamabad,Riyadh,Via Iran/Iraq corridor,Via Turkey–Kazakhstan northern route,9215,10576,1361,9248.14,2.5
2026-02-28,Jazeera Airways,JA2519,Kuwait City,Cairo,Via Strait of Hormuz,Via Red Sea–Suez route,4869,5491,622,2815.16,3.6
2026-02-28,Air India,AI188,Doha,London,Via Iran/Iraq corridor,Via Egypt–East Africa southern route,3587,4856,1269,8542.65,1.0
2026-02-28,Ethiopian Airlines,ET4033,Dubai,Mumbai,Via Iran/Iraq corridor,Via Egypt–East Africa southern route,11415,13536,2121,13194.93,5.5
2026-02-28,Saudi Arabian Airlines,SA3737,Istanbul,Delhi,Via Iran/Iraq corridor,Via Egypt–East Africa southern route,3274,5555,2281,9082.97,4.4
2026-02-28,Lufthansa,LU2270,Riyadh,Cairo,Direct Middle East overfly,Via Central Asian detour,4546,5784,1238,8361.89,1.1
2026-02-28,flydubai,FL5718,Istanbul,Karachi,Direct Tehran overfly,Via Ashgabat–Almaty route,11556,12484,928,5471.51,4.2
2026-02-28,Turkish Airlines,TU6664,Doha,Los Angeles,Via Iran/Iraq corridor,Via Egypt–East Africa southern route,7121,8964,1843,10083.03,2.6
2026-02-28,Cargolux,CA6319,Doha,New York,Via Iran/Iraq corridor,Via Egypt–East Africa southern route,4385,6921,2536,11962.45,2.8
2026-02-28,Emirates SkyCargo,EM6513,Dubai,London,Direct Tehran overfly,Via Ashgabat–Almaty route,2355,3376,1021,5031.01,1.7
2026-02-28,British Airways,BR152,Dubai,Amman,Direct Tehran overfly,Via Ashgabat–Almaty route,8959,10615,1656,6360.78,4.7
2026-02-28,Malaysia Airlines,MA5735,Doha,Lahore,Via Iran/Iraq corridor,Via Turkey–Kazakhstan northern route,5851,6974,1123,5377.42,1.4
2026-02-28,Pakistan International Airlines,PA3876,Doha,Mumbai,Via Iran/Iraq corridor,Via Egypt–East Africa southern route,7768,9126,1358,6362.61,3.9
2026-02-28,flydubai,FL5920,Dubai,Istanbul,Direct Middle East overfly,Via Central Asian detour,5361,6804,1443,7996.65,5.7
2026-02-28,DHL Aviation,DH1558,Dubai,Cairo,Direct Middle East overfly,Via Central Asian detour,2864,4805,1941,12247.73,3.2
2026-02-28,Air Arabia,AI4779,London,Doha,Via Iran/Iraq corridor,Via Egypt–East Africa southern route,8469,11211,2742,13227.79,5.0
2026-03-01,Etihad Airways,ET6117,Cairo,Kuwait City,Via Persian Gulf,Via Indian Ocean southern route,4248,7725,3477,15602.36,5.4
2026-03-01,Delta Air Lines,DE9068,Frankfurt,Dubai,Via Strait of Hormuz,Via Red Sea–Suez route,8327,9320,993,6219.13,3.0
2026-03-01,Ethiopian Airlines,ET6289,Riyadh,Cairo,Via Iran/Iraq corridor,Via Egypt–East Africa southern route,8084,9898,1814,9402.62,4.4
2026-03-01,Kuwait Airways,KU4462,Delhi,Istanbul,Via Persian Gulf,Via Indian Ocean southern route,11760,13094,1334,4829.33,3.9
2026-03-01,United Airlines,UN9936,Washington,Abu Dhabi,Direct Gulf route,Via Jordan–Egypt alternate,11119,12119,1000,4081.95,1.0
2026-03-01,EgyptAir,EG732,Dubai,Mumbai,Direct Middle East overfly,Via Central Asian detour,8544,10250,1706,8619.42,2.8
2026-03-01,Cargolux,CA4765,Abu Dhabi,London,Via Baghdad FIR,Via Ankara–Baku corridor,3578,4169,591,2670.65,3.8
2026-03-01,Jazeera Airways,JA2514,London,Dubai,Direct Tehran overfly,Via Ashgabat–Almaty route,5473,7428,1955,8037.33,5.8
2026-03-01,British Airways,BR2230,Karachi,Dubai,Via Baghdad FIR,Via Ankara–Baku corridor,3193,4643,1450,9460.98,0.8
2026-03-01,flydubai,FL711,Istanbul,Karachi,Via Baghdad FIR,Via Ankara–Baku corridor,10797,12079,1282,6201.78,2.8
2026-03-02,Ethiopian Airlines,ET7975,Riyadh,London,Direct Tehran overfly,Via Ashgabat–Almaty route,6759,7718,959,5374.54,4.8
2026-03-02,Oman Air,OM6035,Washington,Abu Dhabi,Via Baghdad FIR,Via Ankara–Baku corridor,9632,10769,1137,4069.6,1.8
2026-03-02,IndiGo,IN8637,Istanbul,Dubai,Direct Middle East overfly,Via Central Asian detour,9234,10404,1170,4140.07,4.5
2026-03-02,Lufthansa,LU4969,Dubai,Delhi,Via Iran/Iraq corridor,Via Turkey–Kazakhstan northern route,7931,10036,2105,11776.01,1.1
2026-03-02,Lufthansa,LU3916,Dubai,Frankfurt,Via Baghdad FIR,Via Ankara–Baku corridor,5205,6444,1239,5393.63,4.8
2026-03-02,Air India,AI3475,Istanbul,Tehran,Via Persian Gulf,Via Indian Ocean southern route,11771,14995,3224,17891.22,3.5
2026-03-02,Malaysia Airlines,MA7418,Dubai,Sydney,Via Strait of Hormuz,Via Red Sea–Suez route,5639,6567,928,5897.73,1.8
2026-03-02,Kuwait Airways,KU2464,Dubai,Paris,Via Persian Gulf,Via Indian Ocean southern route,3430,4878,1448,7372.57,1.5
2026-03-02,United Airlines,UN249,Beirut,Paris,Direct Middle East overfly,Via Central Asian detour,4711,6738,2027,9647.84,4.7
2026-03-02,DHL Aviation,DH2120,Dubai,New York,Direct Tehran overfly,Via Ashgabat–Almaty route,10152,11990,1838,8217.23,5.9
2026-03-02,Lufthansa,LU6534,Islamabad,Riyadh,Direct Middle East overfly,Via Central Asian detour,6687,8931,2244,12323.65,2.7
2026-03-02,Pakistan International Airlines,PA346,Karachi,Dubai,Direct Middle East overfly,Via Central Asian detour,3191,5058,1867,8527.91,4.7
2026-03-03,Jazeera Airways,JA3404,Delhi,Istanbul,Via Strait of Hormuz,Via Red Sea–Suez route,8062,8968,906,3938.88,3.5
2026-03-03,Ethiopian Airlines,ET9647,Dubai,Amman,Direct Middle East overfly,Via Central Asian detour,5427,6924,1497,9709.06,3.9
2026-03-03,flydubai,FL2370,Karachi,Dubai,Via Iran/Iraq corridor,Via Turkey–Kazakhstan northern route,4187,5161,974,6647.49,3.4
2026-03-03,Lufthansa,LU8629,New York,Dubai,Via Strait of Hormuz,Via Red Sea–Suez route,10722,11811,1089,4947.27,5.7
2026-03-03,Cargolux,CA4401,Beirut,Paris,Via Baghdad FIR,Via Ankara–Baku corridor,6684,8135,1451,6138.89,3.2
2026-03-03,Etihad Airways,ET7151,Dubai,Karachi,Via Iran/Iraq corridor,Via Turkey–Kazakhstan northern route,3931,5136,1205,5455.95,4.8
2026-03-03,Jazeera Airways,JA3517,Singapore,Dubai,Via Persian Gulf,Via Indian Ocean southern route,4831,6123,1292,6780.11,3.9
2026-03-03,Cathay Pacific,CA3890,Kuwait City,Cairo,Via Iran/Iraq corridor,Via Egypt–East Africa southern route,7530,9904,2374,13627.29,2.4
2026-03-03,Kuwait Airways,KU5166,Frankfurt,Dubai,Via Iran/Iraq corridor,Via Turkey–Kazakhstan northern route,5248,6134,886,3630.51,4.9
2026-03-03,Pakistan International Airlines,PA8070,Istanbul,Delhi,Direct Gulf route,Via Jordan–Egypt alternate,3661,4184,523,2513.54,6.0
2026-03-03,KLM,KL8000,Lahore,Doha,Via Strait of Hormuz,Via Red Sea–Suez route,6222,7574,1352,9305.36,3.7
2026-03-03,Ethiopian Airlines,ET3326,London,Singapore,Direct Gulf route,Via Jordan–Egypt alternate,5244,5890,646,3698.87,4.6
2026-03-03,FedEx Express,FE1845,Dubai,Cairo,Via Baghdad FIR,Via Ankara–Baku corridor,5793,6863,1070,6324.89,3.0
2026-03-03,Saudi Arabian Airlines,SA1945,Muscat,London,Direct Gulf route,Via Jordan–Egypt alternate,4184,4812,628,3262.55,3.1
2026-03-03,Emirates SkyCargo,EM2274,Paris,Doha,Via Iran/Iraq corridor,Via Turkey–Kazakhstan northern route,3879,5847,1968,8530.33,5.5
2026-03-03,Turkish Airlines,TU907,London,Doha,Direct Gulf route,Via Jordan–Egypt alternate,11403,12416,1013,4268.36,5.0
2026-03-04,Iran Air,IR6931,London,Kuwait City,Via Strait of Hormuz,Via Red Sea–Suez route,4550,5258,708,3522.87,2.6
2026-03-04,Jazeera Airways,JA2121,Doha,London,Via Iran/Iraq corridor,Via Egypt–East Africa southern route,3185,4554,1369,7412.04,2.8
2026-03-04,Cargolux,CA9278,Cairo,Kuwait City,Via Iran/Iraq corridor,Via Turkey–Kazakhstan northern route,10608,12145,1537,10519.02,4.5
2026-03-04,DHL Aviation,DH7556,Dubai,Bahrain,Via Persian Gulf,Via Indian Ocean southern route,4091,5534,1443,9857.18,2.7
2026-03-04,Air Arabia,AI8904,Mumbai,Kuwait City,Via Iran/Iraq corridor,Via Turkey–Kazakhstan northern route,4709,6495,1786,10002.87,2.0
2026-03-04,Air India,AI9845,Istanbul,Dubai,Via Iran/Iraq corridor,Via Turkey–Kazakhstan northern route,8335,9330,995,6039.55,0.6
2026-03-04,Mahan Air,MA9215,Doha,Los Angeles,Via Iran/Iraq corridor,Via Turkey–Kazakhstan northern route,11899,13650,1751,6433.41,2.0
2026-03-04,Air India,AI6275,Riyadh,London,Via Persian Gulf,Via Indian Ocean southern route,4629,7471,2842,15047.04,3.1
2026-03-04,Air France,AI4889,Dubai,Frankfurt,Via Iran/Iraq corridor,Via Egypt–East Africa southern route,2279,3531,1252,6464.42,0.5
2026-03-04,EgyptAir,EG9589,Karachi,Dubai,Via Baghdad FIR,Via Ankara–Baku corridor,8807,10046,1239,6834.36,3.7
2026-03-04,United Airlines,UN7505,Singapore,Dubai,Via Iran/Iraq corridor,Via Turkey–Kazakhstan northern route,2129,3611,1482,8920.97,4.3
2026-03-04,Ethiopian Airlines,ET3116,Cairo,Riyadh,Via Baghdad FIR,Via Ankara–Baku corridor,11443,12859,1416,9365.11,3.4
2026-03-04,Air Arabia,AI2337,Dubai,Karachi,Via Iran/Iraq corridor,Via Egypt–East Africa southern route,6846,9243,2397,11318.81,5.1
2026-03-04,Ethiopian Airlines,ET9968,Singapore,London,Via Persian Gulf,Via Indian Ocean southern route,9649,11438,1789,9269.27,3.1
2026-03-05,Iran Air,IR8079,London,Abu Dhabi,Via Baghdad FIR,Via Ankara–Baku corridor,7706,9122,1416,9490.3,1.9
2026-03-05,Thai Airways,TH6761,Islamabad,Dubai,Via Persian Gulf,Via Indian Ocean southern route,10245,11668,1423,5210.14,4.1
2026-03-05,American Airlines,AM6648,Dubai,Bahrain,Via Persian Gulf,Via Indian Ocean southern route,11402,14328,2926,14796.2,5.9
2026-03-05,Mahan Air,MA7186,Cairo,Riyadh,Via Strait of Hormuz,Via Red Sea–Suez route,5820,7618,1798,7000.96,5.3
2026-03-05,Pakistan International Airlines,PA1814,Delhi,Istanbul,Direct Tehran overfly,Via Ashgabat–Almaty route,5599,6470,871,5435.32,2.5
2026-03-05,Thai Airways,TH8501,Sydney,Dubai,Via Baghdad FIR,Via Ankara–Baku corridor,5292,6625,1333,5238.0,2.6
2026-03-05,Singapore Airlines,SI2018,Abu Dhabi,London,Direct Tehran overfly,Via Ashgabat–Almaty route,10459,11283,824,4347.37,5.7
2026-03-05,EgyptAir,EG8746,Mumbai,Doha,Via Strait of Hormuz,Via Red Sea–Suez route,11611,12730,1119,5673.2,2.8
2026-03-05,Malaysia Airlines,MA9140,Kuwait City,London,Direct Tehran overfly,Via Ashgabat–Almaty route,11045,13032,1987,7119.15,5.9
2026-03-05,Oman Air,OM2735,Mumbai,Dubai,Via Baghdad FIR,Via Ankara–Baku corridor,2535,3246,711,2959.01,3.7
2026-03-05,Ethiopian Airlines,ET9485,Dubai,Singapore,Via Persian Gulf,Via Indian Ocean southern route,2122,4036,1914,12685.69,1.2
2026-03-05,DHL Aviation,DH6060,Delhi,Istanbul,Via Baghdad FIR,Via Ankara–Baku corridor,7257,7898,641,4200.65,2.1
2026-03-05,Pakistan International Airlines,PA8027,Tehran,Istanbul,Direct Gulf route,Via Jordan–Egypt alternate,10008,10442,434,2447.83,1.3
2026-03-05,United Airlines,UN1166,Dubai,Karachi,Via Strait of Hormuz,Via Red Sea–Suez route,6544,7759,1215,7141.36,3.9
2026-03-05,FedEx Express,FE5066,Paris,Dubai,Via Strait of Hormuz,Via Red Sea–Suez route,11427,12557,1130,4073.17,5.7
2026-03-05,Singapore Airlines,SI5784,London,Bahrain,Direct Gulf route,Via Jordan–Egypt alternate,2109,3189,1080,4531.84,5.9
2026-03-05,Lufthansa,LU740,Doha,Paris,Direct Tehran overfly,Via Ashgabat–Almaty route,8366,10150,1784,6542.47,2.3
2026-03-06,Ethiopian Airlines,ET601,Kuwait City,Mumbai,Direct Tehran overfly,Via Ashgabat–Almaty route,4031,5044,1013,5138.12,2.8
2026-03-06,Saudi Arabian Airlines,SA5500,Mumbai,Kuwait City,Via Iran/Iraq corridor,Via Turkey–Kazakhstan northern route,7581,8491,910,3749.99,4.1
2026-03-06,Etihad Airways,ET7561,Kuwait City,Mumbai,Direct Middle East overfly,Via Central Asian detour,8544,10284,1740,6596.1,0.4
2026-03-06,KLM,KL3913,Cairo,Kuwait City,Direct Tehran overfly,Via Ashgabat–Almaty route,5421,6516,1095,5848.6,1.3
2026-03-06,Turkish Airlines,TU1978,Dubai,Cairo,Direct Middle East overfly,Via Central Asian detour,4797,6762,1965,10129.44,0.7
2026-03-06,EgyptAir,EG6230,London,Singapore,Direct Middle East overfly,Via Central Asian detour,5415,6588,1173,7095.63,2.3
2026-03-06,Singapore Airlines,SI7679,New York,Doha,Direct Tehran overfly,Via Ashgabat–Almaty route,11634,12651,1017,4683.64,5.7
2026-03-06,American Airlines,AM7913,Dubai,Istanbul,Via Strait of Hormuz,Via Red Sea–Suez route,4335,5221,886,3657.39,1.5
2026-03-06,FedEx Express,FE5742,London,Muscat,Via Baghdad FIR,Via Ankara–Baku corridor,4102,5029,927,4140.96,1.1
2026-03-06,FedEx Express,FE3497,Amman,Dubai,Direct Tehran overfly,Via Ashgabat–Almaty route,10124,11015,891,5206.39,3.6
2026-03-06,Turkish Airlines,TU3259,Karachi,Dubai,Via Baghdad FIR,Via Ankara–Baku corridor,11388,12669,1281,6626.34,6.0
2026-03-06,Etihad Airways,ET8958,Istanbul,Tehran,Via Persian Gulf,Via Indian Ocean southern route,11787,14852,3065,15146.42,0.6
2026-03-06,Jazeera Airways,JA2594,Abu Dhabi,London,Direct Tehran overfly,Via Ashgabat–Almaty route,11926,13401,1475,9915.33,2.9
2026-03-06,KLM,KL2029,Cairo,Kuwait City,Via Strait of Hormuz,Via Red Sea–Suez route,3678,5078,1400,6166.2,2.2
2026-03-06,Etihad Airways,ET9792,London,Abu Dhabi,Direct Gulf route,Via Jordan–Egypt alternate,2306,2792,486,3168.86,5.9
2026-03-07,Turkish Airlines,TU4968,Delhi,Istanbul,Via Baghdad FIR,Via Ankara–Baku corridor,7389,7911,522,2911.77,1.7
2026-03-07,FedEx Express,FE4137,Beijing,Tehran,Via Iran/Iraq corridor,Via Turkey–Kazakhstan northern route,7506,8456,950,4558.79,2.0
2026-03-07,United Airlines,UN5353,Riyadh,Islamabad,Direct Tehran overfly,Via Ashgabat–Almaty route,9408,10382,974,3897.36,1.8
2026-03-07,FedEx Express,FE4911,Beirut,Paris,Via Baghdad FIR,Via Ankara–Baku corridor,3145,3912,767,2805.0,4.5
2026-03-07,flydubai,FL1586,Riyadh,Cairo,Via Baghdad FIR,Via Ankara–Baku corridor,10722,12197,1475,8598.45,1.2
2026-03-07,Thai Airways,TH9088,Dubai,Karachi,Direct Middle East overfly,Via Central Asian detour,6749,8340,1591,9356.88,2.4
2026-03-07,EgyptAir,EG9804,Amman,Dubai,Via Baghdad FIR,Via Ankara–Baku corridor,8777,9905,1128,5477.9,2.9
2026-03-07,Oman Air,OM3595,Delhi,Istanbul,Via Iran/Iraq corridor,Via Turkey–Kazakhstan northern route,11635,12444,809,3716.82,2.3
2026-03-07,Pakistan International Airlines,PA3984,London,Abu Dhabi,Direct Gulf route,Via Jordan–Egypt alternate,7031,7638,607,2402.02,5.5
2026-03-07,Thai Airways,TH6549,New York,Doha,Direct Gulf route,Via Jordan–Egypt alternate,10052,10705,653,3099.28,2.2
2026-03-07,American Airlines,AM5749,Dubai,Istanbul,Via Strait of Hormuz,Via Red Sea–Suez route,10100,11855,1755,11112.57,4.3
2026-03-07,Emirates SkyCargo,EM1041,Cairo,Riyadh,Via Iran/Iraq corridor,Via Egypt–East Africa southern route,5028,7616,2588,11127.12,3.5
2026-03-07,British Airways,BR7621,Kuwait City,Cairo,Direct Tehran overfly,Via Ashgabat–Almaty route,3223,4964,1741,10673.51,3.2
2026-03-07,DHL Aviation,DH3626,Cairo,Riyadh,Via Baghdad FIR,Via Ankara–Baku corridor,10835,11649,814,5271.44,4.2
2026-03-08,Malaysia Airlines,MA2169,Istanbul,Karachi,Direct Middle East overfly,Via Central Asian detour,4752,5982,1230,5197.49,2.8
2026-03-08,Ethiopian Airlines,ET5713,Paris,Doha,Direct Gulf route,Via Jordan–Egypt alternate,8497,8972,475,2644.67,0.5
2026-03-08,Singapore Airlines,SI9616,Kuwait City,Cairo,Via Baghdad FIR,Via Ankara–Baku corridor,3142,4592,1450,6788.47,1.1
2026-03-08,Iran Air,IR2222,Karachi,Dubai,Direct Gulf route,Via Jordan–Egypt alternate,5917,7112,1195,7256.34,2.4
2026-03-08,Cathay Pacific,CA2523,Riyadh,London,Via Baghdad FIR,Via Ankara–Baku corridor,4840,6320,1480,5420.45,1.5
2026-03-08,Qatar Airways,QA7542,Singapore,Dubai,Via Iran/Iraq corridor,Via Turkey–Kazakhstan northern route,9653,11814,2161,9137.32,4.3
2026-03-08,Air Arabia,AI7213,Paris,Doha,Direct Middle East overfly,Via Central Asian detour,5235,6248,1013,6685.62,1.7
2026-03-08,flydubai,FL3919,Frankfurt,Dubai,Via Strait of Hormuz,Via Red Sea–Suez route,8631,9544,913,5536.19,0.9
2026-03-08,KLM,KL5506,Washington,Abu Dhabi,Via Baghdad FIR,Via Ankara–Baku corridor,2384,3240,856,4865.2,3.9
2026-03-08,Cargolux,CA4230,London,Kuwait City,Direct Middle East overfly,Via Central Asian detour,4310,5319,1009,4108.79,1.8
2026-03-08,EgyptAir,EG9570,Doha,Paris,Via Iran/Iraq corridor,Via Egypt–East Africa southern route,8599,10729,2130,13248.02,1.6
2026-03-08,Oman Air,OM5086,Istanbul,Karachi,Via Iran/Iraq corridor,Via Egypt–East Africa southern route,5260,7405,2145,12943.03,1.8
2026-03-08,Lufthansa,LU6324,Mumbai,Dubai,Direct Gulf route,Via Jordan–Egypt alternate,5018,5617,599,4182.33,6.0
2026-03-08,Emirates SkyCargo,EM7164,New York,Doha,Direct Middle East overfly,Via Central Asian detour,6620,8354,1734,7930.34,4.0
2026-03-08,Air France,AI1387,Dubai,Frankfurt,Direct Middle East overfly,Via Central Asian detour,8543,10341,1798,9696.21,3.0
2026-03-08,Cathay Pacific,CA3534,Mumbai,Kuwait City,Direct Middle East overfly,Via Central Asian detour,4883,7274,2391,9355.72,4.4
2026-03-08,Delta Air Lines,DE5954,Lahore,Doha,Direct Gulf route,Via Jordan–Egypt alternate,7971,8890,919,3346.89,2.2
2026-03-08,DHL Aviation,DH6302,London,Abu Dhabi,Via Baghdad FIR,Via Ankara–Baku corridor,9400,10213,813,4985.17,2.3
2026-03-08,American Airlines,AM1124,Dubai,Frankfurt,Via Iran/Iraq corridor,Via Egypt–East Africa southern route,7175,9520,2345,12244.92,2.2
2026-03-09,Air Arabia,AI131,Cairo,Riyadh,Direct Middle East overfly,Via Central Asian detour,7126,8847,1721,8267.13,1.1
2026-03-09,United Airlines,UN215,Paris,Beirut,Via Iran/Iraq corridor,Via Turkey–Kazakhstan northern route,7004,7922,918,4888.02,2.0
2026-03-09,Air India,AI6425,Paris,Doha,Direct Tehran overfly,Via Ashgabat–Almaty route,9448,10605,1157,5010.85,1.4
2026-03-09,United Airlines,UN3519,Kuwait City,London,Direct Middle East overfly,Via Central Asian detour,6929,9190,2261,9239.66,2.0
2026-03-09,Thai Airways,TH3899,Dubai,Bahrain,Direct Gulf route,Via Jordan–Egypt alternate,2052,2647,595,3958.98,3.7
2026-03-09,Emirates SkyCargo,EM3651,London,Kuwait City,Via Persian Gulf,Via Indian Ocean southern route,2586,3862,1276,5138.9,2.4
2026-03-09,Jazeera Airways,JA4634,Dubai,Amman,Via Persian Gulf,Via Indian Ocean southern route,3126,5173,2047,7358.54,2.0
2026-03-09,Air Arabia,AI3815,Istanbul,Dubai,Via Iran/Iraq corridor,Via Egypt–East Africa southern route,9999,12418,2419,12908.55,2.8
2026-03-09,Delta Air Lines,DE6515,Islamabad,Riyadh,Direct Gulf route,Via Jordan–Egypt alternate,2621,3704,1083,5648.62,2.9
2026-03-09,Qatar Airways,QA5665,Beirut,Paris,Direct Gulf route,Via Jordan–Egypt alternate,9019,10064,1045,4742.26,1.6
2026-03-09,Mahan Air,MA8850,Beirut,Paris,Direct Gulf route,Via Jordan–Egypt alternate,8357,9196,839,4834.06,5.3
2026-03-09,Malaysia Airlines,MA5152,Paris,Dubai,Direct Gulf route,Via Jordan–Egypt alternate,8836,9897,1061,6499.82,2.8
2026-03-09,Singapore Airlines,SI6089,Tehran,Beijing,Via Persian Gulf,Via Indian Ocean southern route,3648,5585,1937,7862.83,5.9
2026-03-09,KLM,KL1036,Riyadh,Cairo,Via Persian Gulf,Via Indian Ocean southern route,5204,7177,1973,10722.66,0.5
2026-03-09,Emirates,EM2168,Tehran,Moscow,Direct Gulf route,Via Jordan–Egypt alternate,6449,7463,1014,5226.2,5.0
2026-03-10,Malaysia Airlines,MA5853,Karachi,Dubai,Via Strait of Hormuz,Via Red Sea–Suez route,8745,10072,1327,8789.43,2.5
2026-03-10,DHL Aviation,DH3708,Bahrain,London,Via Iran/Iraq corridor,Via Turkey–Kazakhstan northern route,2668,3890,1222,7912.57,4.6
2026-03-10,Air Arabia,AI3878,Paris,Dubai,Direct Gulf route,Via Jordan–Egypt alternate,6436,7082,646,2567.58,1.1
2026-03-10,Oman Air,OM9661,Istanbul,Karachi,Direct Gulf route,Via Jordan–Egypt alternate,9913,10367,454,2991.16,2.9
2026-03-10,United Airlines,UN1694,Dubai,Delhi,Via Baghdad FIR,Via Ankara–Baku corridor,4469,5580,1111,5441.27,4.9
2026-03-10,EgyptAir,EG5609,New York,Dubai,Direct Middle East overfly,Via Central Asian detour,7445,9820,2375,10874.98,3.1
2026-03-10,KLM,KL9976,Frankfurt,Dubai,Direct Gulf route,Via Jordan–Egypt alternate,6861,7509,648,4079.73,1.1
2026-03-10,United Airlines,UN6247,Karachi,Dubai,Via Baghdad FIR,Via Ankara–Baku corridor,11121,12019,898,4363.48,1.6
2026-03-10,Lufthansa,LU1264,Muscat,London,Direct Tehran overfly,Via Ashgabat–Almaty route,5680,7462,1782,6403.67,5.7
2026-03-10,Cathay Pacific,CA7579,Dubai,Frankfurt,Via Persian Gulf,Via Indian Ocean southern route,4724,6129,1405,8216.85,2.8
2026-03-10,Emirates,EM4468,Kuwait City,Cairo,Via Persian Gulf,Via Indian Ocean southern route,7956,10323,2367,8355.8,4.1
2026-03-11,Kuwait Airways,KU5107,Paris,Beirut,Direct Middle East overfly,Via Central Asian detour,8438,10435,1997,10393.22,1.7
2026-03-11,Etihad Airways,ET2065,Sydney,Abu Dhabi,Via Iran/Iraq corridor,Via Egypt–East Africa southern route,7394,8825,1431,8299.05,1.2
2026-03-11,DHL Aviation,DH5120,Cairo,Riyadh,Via Persian Gulf,Via Indian Ocean southern route,6498,9213,2715,17783.64,4.5
2026-03-11,Malaysia Airlines,MA5587,Frankfurt,Dubai,Direct Middle East overfly,Via Central Asian detour,6479,8419,1940,7504.37,2.5
2026-03-11,Lufthansa,LU5256,Islamabad,Riyadh,Via Persian Gulf,Via Indian Ocean southern route,5036,8327,3291,19693.3,0.7
2026-03-11,Gulf Air,GU2658,Istanbul,Dubai,Via Iran/Iraq corridor,Via Egypt–East Africa southern route,6461,7582,1121,7683.45,0.6
2026-03-11,Ethiopian Airlines,ET8116,Kuwait City,Mumbai,Via Baghdad FIR,Via Ankara–Baku corridor,9327,9847,520,2178.56,2.4
2026-03-11,DHL Aviation,DH9755,Dubai,Frankfurt,Direct Tehran overfly,Via Ashgabat–Almaty route,7222,8205,983,3488.33,1.7
2026-03-11,British Airways,BR1990,Cairo,Riyadh,Via Iran/Iraq corridor,Via Egypt–East Africa southern route,11961,14172,2211,14475.89,5.5
2026-03-11,Cathay Pacific,CA3876,Doha,Paris,Via Iran/Iraq corridor,Via Egypt–East Africa southern route,6506,8226,1720,11864.13,5.8
2026-03-11,Jazeera Airways,JA6765,Dubai,Bahrain,Via Baghdad FIR,Via Ankara–Baku corridor,8851,9845,994,4754.91,3.4
2026-03-11,Emirates SkyCargo,EM1374,Dubai,Istanbul,Via Persian Gulf,Via Indian Ocean southern route,3875,7292,3417,21294.78,1.9
2026-03-11,Iran Air,IR5723,Paris,Doha,Direct Middle East overfly,Via Central Asian detour,10893,13257,2364,8336.82,2.7
2026-03-11,Qatar Airways,QA7294,London,Muscat,Direct Middle East overfly,Via Central Asian detour,7564,9516,1952,13619.03,2.8
2026-03-11,Gulf Air,GU7812,Mumbai,Dubai,Via Iran/Iraq corridor,Via Turkey–Kazakhstan northern route,4017,5579,1562,7795.28,5.7
2026-03-11,Singapore Airlines,SI3818,London,Kuwait City,Via Baghdad FIR,Via Ankara–Baku corridor,7700,8612,912,6265.53,2.8
2026-03-11,Thai Airways,TH324,Riyadh,Cairo,Direct Gulf route,Via Jordan–Egypt alternate,5132,5905,773,3626.31,4.7
2026-03-11,Delta Air Lines,DE9721,Abu Dhabi,Washington,Direct Tehran overfly,Via Ashgabat–Almaty route,9158,11009,1851,11109.23,2.1
2026-03-11,United Airlines,UN8113,Doha,Paris,Direct Tehran overfly,Via Ashgabat–Almaty route,4453,5735,1282,8352.73,5.0
2026-03-11,Lufthansa,LU539,Dubai,Sydney,Via Strait of Hormuz,Via Red Sea–Suez route,7498,8728,1230,8512.17,2.6
2026-03-11,Ethiopian Airlines,ET5811,Abu Dhabi,Sydney,Direct Middle East overfly,Via Central Asian detour,11947,13583,1636,6314.64,1.2
2026-03-12,Jazeera Airways,JA7529,Los Angeles,Doha,Via Strait of Hormuz,Via Red Sea–Suez route,11505,12483,978,6642.2,5.3
2026-03-12,Malaysia Airlines,MA5536,Cairo,Riyadh,Via Strait of Hormuz,Via Red Sea–Suez route,9263,10299,1036,5734.78,1.9
2026-03-12,Iran Air,IR8541,Riyadh,Cairo,Direct Gulf route,Via Jordan–Egypt alternate,3789,4240,451,2428.93,2.1
2026-03-12,FedEx Express,FE6579,Tehran,Istanbul,Via Iran/Iraq corridor,Via Turkey–Kazakhstan northern route,6637,7854,1217,4971.69,3.4
2026-03-12,Ethiopian Airlines,ET1620,Abu Dhabi,Sydney,Direct Middle East overfly,Via Central Asian detour,3990,5259,1269,5682.25,1.8
2026-03-12,Singapore Airlines,SI691,Delhi,Dubai,Via Persian Gulf,Via Indian Ocean southern route,9204,11068,1864,9544.27,0.8
2026-03-12,flydubai,FL4404,Dubai,Karachi,Via Baghdad FIR,Via Ankara–Baku corridor,11601,12889,1288,4883.55,4.6
2026-03-12,Air India,AI8688,Riyadh,London,Via Baghdad FIR,Via Ankara–Baku corridor,9877,10457,580,2881.13,3.2
2026-03-12,Etihad Airways,ET5193,Doha,Paris,Via Strait of Hormuz,Via Red Sea–Suez route,5014,5718,704,3288.02,1.2
2026-03-12,British Airways,BR4933,Cairo,Riyadh,Via Baghdad FIR,Via Ankara–Baku corridor,4837,5544,707,3650.54,4.5
2026-03-12,Malaysia Airlines,MA2562,Dubai,Amman,Direct Middle East overfly,Via Central Asian detour,8697,9751,1054,6741.19,5.4
2026-03-12,Lufthansa,LU4681,Karachi,Dubai,Direct Tehran overfly,Via Ashgabat–Almaty route,2920,4741,1821,11876.0,3.4
2026-03-12,Cathay Pacific,CA8682,Dubai,Karachi,Via Iran/Iraq corridor,Via Turkey–Kazakhstan northern route,11031,12344,1313,7782.35,5.0
2026-03-12,Turkish Airlines,TU5812,Paris,Beirut,Direct Gulf route,Via Jordan–Egypt alternate,2998,3859,861,4255.31,3.7
2026-03-12,Emirates SkyCargo,EM4558,Paris,Dubai,Via Persian Gulf,Via Indian Ocean southern route,5939,8007,2068,8401.63,4.1
2026-03-13,Cargolux,CA2854,Washington,Abu Dhabi,Via Persian Gulf,Via Indian Ocean southern route,9902,11575,1673,6018.99,2.7
2026-03-13,Air India,AI429,Sydney,Abu Dhabi,Via Persian Gulf,Via Indian Ocean southern route,8579,11794,3215,17682.84,2.2
2026-03-13,American Airlines,AM631,London,Bahrain,Via Persian Gulf,Via Indian Ocean southern route,7172,10148,2976,12622.15,3.8
2026-03-13,KLM,KL1423,London,Bahrain,Direct Middle East overfly,Via Central Asian detour,2531,4747,2216,10027.63,1.3
2026-03-13,Pakistan International Airlines,PA1247,Dubai,Delhi,Via Iran/Iraq corridor,Via Egypt–East Africa southern route,9018,10631,1613,10146.11,1.8
2026-03-13,KLM,KL2026,Karachi,Dubai,Direct Gulf route,Via Jordan–Egypt alternate,2265,3152,887,5776.76,0.7
2026-03-13,Delta Air Lines,DE9335,Delhi,Istanbul,Direct Middle East overfly,Via Central Asian detour,3210,5571,2361,16406.45,2.3
2026-03-13,Oman Air,OM1081,Sydney,Dubai,Direct Gulf route,Via Jordan–Egypt alternate,11294,11893,599,2813.32,4.4
2026-03-13,Saudi Arabian Airlines,SA8564,Mumbai,Doha,Direct Gulf route,Via Jordan–Egypt alternate,8482,9240,758,4491.85,1.9
2026-03-13,Emirates SkyCargo,EM1183,London,Kuwait City,Via Strait of Hormuz,Via Red Sea–Suez route,6768,7814,1046,4466.13,0.6
2026-03-13,Mahan Air,MA222,Bahrain,London,Via Persian Gulf,Via Indian Ocean southern route,11105,12652,1547,9760.86,3.4
2026-03-13,EgyptAir,EG8456,Kuwait City,London,Via Iran/Iraq corridor,Via Egypt–East Africa southern route,4902,6232,1330,4704.74,2.3
2026-03-13,Kuwait Airways,KU2210,Dubai,Cairo,Via Persian Gulf,Via Indian Ocean southern route,5800,8640,2840,16403.41,1.6
2026-03-13,Thai Airways,TH6810,Paris,Doha,Direct Tehran overfly,Via Ashgabat–Almaty route,5896,7132,1236,5705.99,4.8
2026-03-13,Saudi Arabian Airlines,SA8715,Cairo,Riyadh,Via Iran/Iraq corridor,Via Turkey–Kazakhstan northern route,11061,12842,1781,7051.61,1.3
2026-03-13,Lufthansa,LU6362,Muscat,London,Via Iran/Iraq corridor,Via Egypt–East Africa southern route,4465,6902,2437,12481.33,2.2
2026-03-13,Air Arabia,AI7983,Islamabad,Riyadh,Via Strait of Hormuz,Via Red Sea–Suez route,7577,8946,1369,6359.07,1.5
2026-03-13,British Airways,BR1941,Paris,Doha,Via Baghdad FIR,Via Ankara–Baku corridor,4861,6158,1297,5670.68,4.7
2026-03-14,Jazeera Airways,JA3316,Karachi,Dubai,Via Iran/Iraq corridor,Via Egypt–East Africa southern route,5348,7973,2625,15006.03,3.4
2026-03-14,Pakistan International Airlines,PA2963,Islamabad,Riyadh,Via Persian Gulf,Via Indian Ocean southern route,10024,13058,3034,13706.55,3.2
2026-03-14,British Airways,BR9901,London,Bahrain,Via Iran/Iraq corridor,Via Egypt–East Africa southern route,8620,10116,1496,7910.29,1.5
2026-03-14,Cathay Pacific,CA2611,Mumbai,Kuwait City,Via Iran/Iraq corridor,Via Egypt–East Africa southern route,2574,5020,2446,10638.05,4.9
2026-03-14,Etihad Airways,ET445,Sydney,Dubai,Direct Gulf route,Via Jordan–Egypt alternate,2295,2712,417,2029.24,2.3
2026-03-14,Air India,AI7105,Abu Dhabi,Sydney,Via Iran/Iraq corridor,Via Egypt–East Africa southern route,10259,11939,1680,7958.34,2.2
2026-03-14,American Airlines,AM383,Dubai,Amman,Via Iran/Iraq corridor,Via Turkey–Kazakhstan northern route,2506,3724,1218,7430.69,4.8
2026-03-14,Cathay Pacific,CA1949,Paris,Beirut,Via Strait of Hormuz,Via Red Sea–Suez route,11749,12796,1047,5761.78,1.6
2026-03-14,Thai Airways,TH6927,Abu Dhabi,Sydney,Direct Gulf route,Via Jordan–Egypt alternate,5045,6026,981,4093.33,2.2
2026-03-15,American Airlines,AM7693,Islamabad,Dubai,Via Persian Gulf,Via Indian Ocean southern route,2990,5250,2260,15347.21,0.6
2026-03-15,Oman Air,OM7571,Doha,Los Angeles,Via Strait of Hormuz,Via Red Sea–Suez route,2854,4348,1494,9892.74,4.1
2026-03-15,Emirates,EM2681,Moscow,Tehran,Via Baghdad FIR,Via Ankara–Baku corridor,7074,7839,765,3835.9,3.1
2026-03-15,Pakistan International Airlines,PA8935,Istanbul,Tehran,Direct Tehran overfly,Via Ashgabat–Almaty route,5350,6425,1075,7046.72,1.5
2026-03-15,Kuwait Airways,KU3304,London,Abu Dhabi,Via Iran/Iraq corridor,Via Egypt–East Africa southern route,3920,5909,1989,9399.09,3.5
2026-03-15,British Airways,BR7030,Frankfurt,Dubai,Via Iran/Iraq corridor,Via Egypt–East Africa southern route,4606,7212,2606,17810.23,5.3
2026-03-15,Emirates SkyCargo,EM9570,Islamabad,Dubai,Via Iran/Iraq corridor,Via Turkey–Kazakhstan northern route,4162,6125,1963,9853.65,1.2
2026-03-15,United Airlines,UN5759,Doha,Paris,Via Strait of Hormuz,Via Red Sea–Suez route,10308,11703,1395,7723.33,5.7
2026-03-16,Air Arabia,AI5860,Karachi,Dubai,Via Baghdad FIR,Via Ankara–Baku corridor,7170,8095,925,5055.7,3.4
2026-03-16,Qatar Airways,QA2394,Doha,Paris,Via Baghdad FIR,Via Ankara–Baku corridor,3757,5127,1370,5267.5,2.5
2026-03-16,Malaysia Airlines,MA8629,Dubai,London,Via Iran/Iraq corridor,Via Egypt–East Africa southern route,2021,3729,1708,11819.14,2.0
2026-03-16,United Airlines,UN1220,London,Doha,Via Strait of Hormuz,Via Red Sea–Suez route,7428,8134,706,3090.3,2.5
2026-03-16,Emirates SkyCargo,EM9823,London,Riyadh,Direct Gulf route,Via Jordan–Egypt alternate,4395,4906,511,2390.85,3.6
2026-03-16,Kuwait Airways,KU4606,Islamabad,Riyadh,Via Baghdad FIR,Via Ankara–Baku corridor,8969,9705,736,4729.56,4.0
2026-03-16,American Airlines,AM2074,Bahrain,Dubai,Direct Tehran overfly,Via Ashgabat–Almaty route,6090,7960,1870,10103.19,1.2
2026-03-16,Air Arabia,AI4486,London,Abu Dhabi,Direct Tehran overfly,Via Ashgabat–Almaty route,10048,11263,1215,4323.22,0.6
2026-03-16,United Airlines,UN3468,Dubai,Amman,Via Persian Gulf,Via Indian Ocean southern route,10491,13774,3283,15202.38,2.1
2026-03-16,Jazeera Airways,JA1220,Karachi,Istanbul,Via Persian Gulf,Via Indian Ocean southern route,2827,4250,1423,7250.82,4.8
2026-03-16,Qatar Airways,QA1822,Frankfurt,Dubai,Direct Gulf route,Via Jordan–Egypt alternate,11718,12671,953,6155.78,4.1
2026-03-17,British Airways,BR8803,Paris,Doha,Via Persian Gulf,Via Indian Ocean southern route,11340,14691,3351,13309.2,5.1
2026-03-17,IndiGo,IN5133,Moscow,Tehran,Via Baghdad FIR,Via Ankara–Baku corridor,3108,3929,821,3862.09,2.3
2026-03-17,Saudi Arabian Airlines,SA1692,Tehran,Istanbul,Direct Gulf route,Via Jordan–Egypt alternate,9823,10934,1111,7123.67,5.7
2026-03-17,Singapore Airlines,SI7570,Islamabad,Dubai,Direct Middle East overfly,Via Central Asian detour,4853,7180,2327,8862.7,2.8
2026-03-17,Air France,AI812,Abu Dhabi,London,Via Iran/Iraq corridor,Via Egypt–East Africa southern route,4695,6188,1493,5414.15,5.3
2026-03-17,flydubai,FL9996,Delhi,Istanbul,Via Iran/Iraq corridor,Via Egypt–East Africa southern route,10369,12703,2334,11384.64,3.9
2026-03-17,Singapore Airlines,SI2303,Istanbul,Dubai,Via Baghdad FIR,Via Ankara–Baku corridor,10684,11385,701,3929.75,5.3
2026-03-17,FedEx Express,FE8011,Sydney,Abu Dhabi,Direct Middle East overfly,Via Central Asian detour,11503,12504,1001,4787.86,1.0
2026-03-17,flydubai,FL4158,Dubai,Islamabad,Via Baghdad FIR,Via Ankara–Baku corridor,3377,4130,753,2824.57,4.1
2026-03-17,FedEx Express,FE3174,London,Abu Dhabi,Via Iran/Iraq corridor,Via Egypt–East Africa southern route,6091,8414,2323,10298.52,5.8
2026-03-17,Cargolux,CA3355,Dubai,Karachi,Direct Gulf route,Via Jordan–Egypt alternate,5776,6958,1182,5049.39,4.4
2026-03-17,American Airlines,AM9629,Islamabad,Riyadh,Direct Tehran overfly,Via Ashgabat–Almaty route,3325,4335,1010,7059.54,5.2
2026-03-17,EgyptAir,EG5488,Abu Dhabi,London,Direct Gulf route,Via Jordan–Egypt alternate,2004,2847,843,4075.83,0.4
2026-03-17,Singapore Airlines,SI6275,Beijing,Tehran,Direct Middle East overfly,Via Central Asian detour,5559,6492,933,3804.87,1.0
2026-03-17,Oman Air,OM4661,Cairo,Kuwait City,Direct Middle East overfly,Via Central Asian detour,5516,7613,2097,7476.41,4.7
2026-03-17,Gulf Air,GU1778,Istanbul,Tehran,Direct Tehran overfly,Via Ashgabat–Almaty route,10566,11597,1031,5880.59,4.3
2026-03-17,Air India,AI6793,Doha,London,Direct Middle East overfly,Via Central Asian detour,7829,8943,1114,5482.64,3.2
2026-03-17,Air France,AI6425,Dubai,London,Via Strait of Hormuz,Via Red Sea–Suez route,11771,12448,677,3934.39,5.9
2026-03-18,FedEx Express,FE4573,Istanbul,Karachi,Via Strait of Hormuz,Via Red Sea–Suez route,4227,5073,846,5389.23,5.1
2026-03-18,Iran Air,IR3493,Dubai,Islamabad,Direct Tehran overfly,Via Ashgabat–Almaty route,11534,12974,1440,8299.66,5.4
2026-03-18,Air Arabia,AI4395,Beijing,Tehran,Via Persian Gulf,Via Indian Ocean southern route,10696,12276,1580,7280.79,2.7
2026-03-18,Cathay Pacific,CA7678,Singapore,London,Direct Middle East overfly,Via Central Asian detour,11592,13882,2290,15915.76,1.0
2026-03-18,Turkish Airlines,TU5182,Bahrain,London,Direct Gulf route,Via Jordan–Egypt alternate,4812,5798,986,5108.33,4.7
2026-03-18,United Airlines,UN5573,Frankfurt,Dubai,Direct Gulf route,Via Jordan–Egypt alternate,6332,6976,644,2502.52,5.3
2026-03-19,Lufthansa,LU6977,Mumbai,Doha,Via Persian Gulf,Via Indian Ocean southern route,2237,5245,3008,15886.93,5.8
2026-03-19,Thai Airways,TH6502,Cairo,Kuwait City,Direct Tehran overfly,Via Ashgabat–Almaty route,11035,12877,1842,7958.33,5.8
2026-03-19,American Airlines,AM2193,London,Abu Dhabi,Direct Gulf route,Via Jordan–Egypt alternate,6297,6961,664,2795.84,1.9
2026-03-19,flydubai,FL4534,Cairo,Dubai,Via Baghdad FIR,Via Ankara–Baku corridor,7652,9046,1394,7723.26,4.8
2026-03-19,Iran Air,IR168,Dubai,Istanbul,Via Iran/Iraq corridor,Via Egypt–East Africa southern route,5687,8259,2572,10588.5,1.5
2026-03-19,American Airlines,AM7586,London,Bahrain,Direct Gulf route,Via Jordan–Egypt alternate,7981,9033,1052,3929.89,2.1
2026-03-19,Kuwait Airways,KU6138,Washington,Abu Dhabi,Direct Middle East overfly,Via Central Asian detour,6210,7507,1297,7187.19,1.4
2026-03-19,Ethiopian Airlines,ET2774,Riyadh,Cairo,Via Iran/Iraq corridor,Via Egypt–East Africa southern route,5165,6394,1229,6479.43,1.5
2026-03-19,IndiGo,IN5789,Tehran,Beijing,Via Baghdad FIR,Via Ankara–Baku corridor,10584,11555,971,4920.65,2.5
2026-03-19,Emirates SkyCargo,EM8388,Sydney,Abu Dhabi,Via Persian Gulf,Via Indian Ocean southern route,3990,5776,1786,9135.25,0.7
2026-03-19,Delta Air Lines,DE7705,Istanbul,Dubai,Via Strait of Hormuz,Via Red Sea–Suez route,10935,11961,1026,4529.44,4.8
2026-03-19,IndiGo,IN6908,Karachi,Dubai,Via Baghdad FIR,Via Ankara–Baku corridor,4384,4958,574,3201.67,4.0
2026-03-19,Lufthansa,LU5195,Lahore,Doha,Via Iran/Iraq corridor,Via Egypt–East Africa southern route,11081,13648,2567,10787.54,0.5
2026-03-19,Emirates SkyCargo,EM9454,Beirut,Paris,Direct Gulf route,Via Jordan–Egypt alternate,3925,4375,450,2619.33,1.6
2026-03-19,American Airlines,AM9656,Doha,Paris,Via Persian Gulf,Via Indian Ocean southern route,3625,6898,3273,17522.69,4.9
2026-03-20,Gulf Air,GU6826,Sydney,Dubai,Via Strait of Hormuz,Via Red Sea–Suez route,4090,5548,1458,9570.7,4.8
2026-03-20,flydubai,FL9158,Beirut,Paris,Direct Middle East overfly,Via Central Asian detour,4936,7282,2346,13970.93,5.1
2026-03-20,Pakistan International Airlines,PA5273,New York,Doha,Direct Middle East overfly,Via Central Asian detour,8160,10108,1948,13435.92,5.9
2026-03-20,Mahan Air,MA8553,Doha,Paris,Via Strait of Hormuz,Via Red Sea–Suez route,5843,6759,916,3632.12,0.7
2026-03-20,Lufthansa,LU4648,Lahore,Doha,Direct Gulf route,Via Jordan–Egypt alternate,5378,6241,863,5330.09,1.2
2026-03-20,flydubai,FL4250,Dubai,Delhi,Via Iran/Iraq corridor,Via Turkey–Kazakhstan northern route,11358,12172,814,4411.46,1.4
2026-03-20,Air India,AI9582,Dubai,Paris,Via Baghdad FIR,Via Ankara–Baku corridor,4160,5323,1163,4868.99,0.4
2026-03-20,Etihad Airways,ET9655,Paris,Doha,Via Iran/Iraq corridor,Via Turkey–Kazakhstan northern route,5456,6773,1317,6306.92,1.7
2026-03-20,Jazeera Airways,JA8609,Cairo,Riyadh,Via Persian Gulf,Via Indian Ocean southern route,8047,9371,1324,9242.23,5.9
2026-03-20,Ethiopian Airlines,ET9615,New York,Dubai,Via Iran/Iraq corridor,Via Egypt–East Africa southern route,8962,11374,2412,9135.19,4.1
2026-03-20,Air Arabia,AI1178,Cairo,Dubai,Direct Tehran overfly,Via Ashgabat–Almaty route,8010,9622,1612,8696.47,4.0
2026-03-20,Lufthansa,LU1781,Mumbai,Doha,Via Persian Gulf,Via Indian Ocean southern route,10797,12918,2121,9973.46,5.6
2026-03-20,Thai Airways,TH887,Kuwait City,Mumbai,Via Persian Gulf,Via Indian Ocean southern route,8508,9733,1225,5321.62,2.0
2026-03-20,Cathay Pacific,CA465,Paris,Beirut,Via Persian Gulf,Via Indian Ocean southern route,3049,4878,1829,11785.1,4.7
2026-03-20,Kuwait Airways,KU1075,Beirut,Paris,Direct Middle East overfly,Via Central Asian detour,8707,10840,2133,11707.16,1.5
2026-03-21,Emirates,EM4398,Beirut,Paris,Via Iran/Iraq corridor,Via Egypt–East Africa southern route,11397,13951,2554,15468.73,0.7
2026-03-21,Emirates,EM1072,Dubai,Bahrain,Via Strait of Hormuz,Via Red Sea–Suez route,3833,5364,1531,10485.65,3.4
2026-03-21,KLM,KL4655,London,Bahrain,Direct Gulf route,Via Jordan–Egypt alternate,4642,5552,910,4787.49,5.3
2026-03-21,Air Arabia,AI6713,Dubai,Amman,Via Strait of Hormuz,Via Red Sea–Suez route,4099,5281,1182,4152.64,5.8
2026-03-21,Kuwait Airways,KU339,Istanbul,Tehran,Direct Gulf route,Via Jordan–Egypt alternate,9285,9884,599,2664.68,1.8
2026-03-21,Etihad Airways,ET7328,Kuwait City,London,Direct Middle East overfly,Via Central Asian detour,3209,4687,1478,7004.99,1.6
2026-03-21,Malaysia Airlines,MA2818,Paris,Doha,Direct Gulf route,Via Jordan–Egypt alternate,10393,11273,880,5686.12,4.6
2026-03-21,Gulf Air,GU5188,Istanbul,Tehran,Direct Gulf route,Via Jordan–Egypt alternate,8947,9368,421,1844.18,5.5
2026-03-21,Air India,AI7223,Dubai,Sydney,Via Strait of Hormuz,Via Red Sea–Suez route,2357,3514,1157,7866.34,1.3
2026-03-21,Oman Air,OM8450,Bahrain,Dubai,Via Baghdad FIR,Via Ankara–Baku corridor,9531,10277,746,3705.07,3.7
2026-03-22,Delta Air Lines,DE684,London,Riyadh,Via Strait of Hormuz,Via Red Sea–Suez route,10171,11544,1373,6903.79,2.1
2026-03-22,Delta Air Lines,DE7353,Dubai,Paris,Direct Middle East overfly,Via Central Asian detour,11203,13565,2362,14012.37,3.4
2026-03-22,Oman Air,OM5510,Singapore,London,Via Iran/Iraq corridor,Via Turkey–Kazakhstan northern route,2572,4722,2150,7807.99,4.2
2026-03-22,flydubai,FL4264,Islamabad,Dubai,Via Strait of Hormuz,Via Red Sea–Suez route,5841,6606,765,3712.54,1.5
2026-03-22,Qatar Airways,QA9767,Dubai,Frankfurt,Via Persian Gulf,Via Indian Ocean southern route,2800,4634,1834,6736.97,5.8
2026-03-22,Cargolux,CA7499,Dubai,Frankfurt,Direct Gulf route,Via Jordan–Egypt alternate,8397,9531,1134,5592.48,2.2
2026-03-22,Ethiopian Airlines,ET3241,Doha,Lahore,Direct Middle East overfly,Via Central Asian detour,10577,11920,1343,5303.25,4.1
2026-03-22,Turkish Airlines,TU6862,Dubai,Frankfurt,Via Iran/Iraq corridor,Via Egypt–East Africa southern route,5287,6801,1514,7486.0,2.9
2026-03-22,Air India,AI1076,Dubai,New York,Via Iran/Iraq corridor,Via Egypt–East Africa southern route,5656,7132,1476,5737.27,2.7
2026-03-22,Ethiopian Airlines,ET2335,Mumbai,Doha,Via Strait of Hormuz,Via Red Sea–Suez route,9149,10335,1186,7383.95,1.4
2026-03-22,FedEx Express,FE6895,Kuwait City,London,Direct Middle East overfly,Via Central Asian detour,2728,5072,2344,8776.43,5.6
2026-03-22,American Airlines,AM2873,Dubai,Islamabad,Direct Middle East overfly,Via Central Asian detour,8573,10850,2277,15757.29,3.3
2026-03-22,Emirates,EM7290,Doha,Paris,Direct Middle East overfly,Via Central Asian detour,6035,8177,2142,9490.59,0.5
2026-03-22,Saudi Arabian Airlines,SA6488,Los Angeles,Doha,Direct Middle East overfly,Via Central Asian detour,9115,11549,2434,12242.05,2.4
2026-03-22,British Airways,BR1644,Paris,Doha,Direct Tehran overfly,Via Ashgabat–Almaty route,3193,3932,739,3295.85,0.9
2026-03-22,Iran Air,IR508,Dubai,Paris,Via Persian Gulf,Via Indian Ocean southern route,2828,4491,1663,9618.39,2.6
2026-03-22,Etihad Airways,ET9939,Istanbul,Delhi,Via Iran/Iraq corridor,Via Turkey–Kazakhstan northern route,8056,10020,1964,11992.26,3.4
2026-03-22,Pakistan International Airlines,PA5355,Dubai,Frankfurt,Via Strait of Hormuz,Via Red Sea–Suez route,8102,9120,1018,5974.75,3.8
2026-03-22,Etihad Airways,ET4964,Istanbul,Dubai,Direct Gulf route,Via Jordan–Egypt alternate,2640,3411,771,4772.88,4.5
2026-03-22,Delta Air Lines,DE2275,Istanbul,Delhi,Direct Gulf route,Via Jordan–Egypt alternate,8090,9164,1074,5968.23,4.7
2026-03-23,Cargolux,CA9259,Sydney,Dubai,Direct Middle East overfly,Via Central Asian detour,4515,6976,2461,15499.49,3.3
2026-03-23,United Airlines,UN1325,London,Riyadh,Direct Gulf route,Via Jordan–Egypt alternate,5396,6059,663,3585.14,3.7
2026-03-23,Ethiopian Airlines,ET4940,Moscow,Tehran,Via Persian Gulf,Via Indian Ocean southern route,7063,10043,2980,16561.5,2.9
2026-03-23,EgyptAir,EG6185,Dubai,Cairo,Direct Middle East overfly,Via Central Asian detour,7149,9421,2272,10888.21,0.7
2026-03-23,Air India,AI8816,Frankfurt,Dubai,Via Strait of Hormuz,Via Red Sea–Suez route,6555,7349,794,4727.39,3.5
2026-03-23,FedEx Express,FE8693,Islamabad,Riyadh,Via Baghdad FIR,Via Ankara–Baku corridor,6445,7231,786,5420.14,2.0
2026-03-23,DHL Aviation,DH8778,Paris,Doha,Direct Gulf route,Via Jordan–Egypt alternate,8856,9828,972,6032.91,5.2
2026-03-23,Jazeera Airways,JA1066,London,Doha,Via Baghdad FIR,Via Ankara–Baku corridor,8452,9352,900,4558.57,0.5
2026-03-23,Ethiopian Airlines,ET7446,Karachi,Dubai,Via Iran/Iraq corridor,Via Egypt–East Africa southern route,7737,8834,1097,5046.4,4.2
2026-03-23,Malaysia Airlines,MA1544,Islamabad,Riyadh,Via Persian Gulf,Via Indian Ocean southern route,11883,15301,3418,16862.94,2.4
2026-03-23,Qatar Airways,QA1473,Riyadh,London,Direct Tehran overfly,Via Ashgabat–Almaty route,6072,7008,936,3766.71,3.0
2026-03-23,Etihad Airways,ET2721,Doha,London,Via Iran/Iraq corridor,Via Egypt–East Africa southern route,10302,11942,1640,9915.87,1.4
2026-03-23,Air France,AI8884,Muscat,London,Via Iran/Iraq corridor,Via Turkey–Kazakhstan northern route,3565,5150,1585,10991.65,2.1
2026-03-23,Emirates,EM8651,Tehran,Beijing,Direct Gulf route,Via Jordan–Egypt alternate,11229,11714,485,2168.63,6.0
2026-03-23,Ethiopian Airlines,ET2291,Abu Dhabi,Sydney,Direct Middle East overfly,Via Central Asian detour,11731,13318,1587,8342.64,5.7
2026-03-23,Air Arabia,AI7730,Mumbai,Kuwait City,Direct Tehran overfly,Via Ashgabat–Almaty route,7788,9138,1350,8248.12,4.7
2026-03-24,Gulf Air,GU6327,Dubai,Karachi,Via Iran/Iraq corridor,Via Egypt–East Africa southern route,9384,11964,2580,11412.66,1.6
2026-03-24,flydubai,FL1341,Islamabad,Riyadh,Via Iran/Iraq corridor,Via Turkey–Kazakhstan northern route,5146,7082,1936,13366.82,2.6
2026-03-24,Mahan Air,MA1332,Islamabad,Dubai,Via Strait of Hormuz,Via Red Sea–Suez route,7248,8952,1704,9317.92,3.1
2026-03-24,Mahan Air,MA8014,Cairo,Dubai,Direct Middle East overfly,Via Central Asian detour,10899,12434,1535,6109.32,0.8
2026-03-24,KLM,KL5281,Mumbai,Kuwait City,Via Strait of Hormuz,Via Red Sea–Suez route,7710,9340,1630,6404.97,1.0
2026-03-24,United Airlines,UN9288,London,Abu Dhabi,Via Iran/Iraq corridor,Via Egypt–East Africa southern route,2643,4733,2090,11550.46,3.0
2026-03-24,Emirates,EM2840,Singapore,London,Via Iran/Iraq corridor,Via Turkey–Kazakhstan northern route,8802,9659,857,4694.81,0.7
2026-03-24,Emirates,EM3548,London,Doha,Via Iran/Iraq corridor,Via Egypt–East Africa southern route,8192,10239,2047,11793.73,0.8
2026-03-24,Air Arabia,AI3687,Dubai,Paris,Via Persian Gulf,Via Indian Ocean southern route,3510,5055,1545,8776.94,1.3
2026-03-24,Saudi Arabian Airlines,SA2566,Sydney,Abu Dhabi,Via Iran/Iraq corridor,Via Turkey–Kazakhstan northern route,2948,4899,1951,9511.67,1.9
2026-03-24,Singapore Airlines,SI8524,Paris,Doha,Via Baghdad FIR,Via Ankara–Baku corridor,11950,12729,779,3115.08,2.2
2026-03-24,IndiGo,IN2470,Washington,Abu Dhabi,Via Iran/Iraq corridor,Via Turkey–Kazakhstan northern route,7645,9705,2060,12636.74,0.9
2026-03-24,Ethiopian Airlines,ET4180,Cairo,Dubai,Via Iran/Iraq corridor,Via Egypt–East Africa southern route,5251,6946,1695,11817.28,2.0
2026-03-24,Ethiopian Airlines,ET838,Kuwait City,Cairo,Direct Gulf route,Via Jordan–Egypt alternate,5223,6010,787,4803.04,0.6
2026-03-24,Malaysia Airlines,MA7413,Tehran,Istanbul,Via Strait of Hormuz,Via Red Sea–Suez route,8682,10442,1760,11596.88,0.6
2026-03-24,FedEx Express,FE3024,Cairo,Riyadh,Via Baghdad FIR,Via Ankara–Baku corridor,2907,4400,1493,5963.21,1.2
2026-03-24,Cathay Pacific,CA3306,Sydney,Dubai,Via Persian Gulf,Via Indian Ocean southern route,9570,11647,2077,11215.07,4.1
2026-03-24,United Airlines,UN8464,Istanbul,Karachi,Via Iran/Iraq corridor,Via Egypt–East Africa southern route,7533,9901,2368,9653.37,2.0
2026-03-24,Kuwait Airways,KU4467,Kuwait City,London,Via Strait of Hormuz,Via Red Sea–Suez route,2116,3186,1070,7240.44,4.2
2026-03-25,Saudi Arabian Airlines,SA6643,Moscow,Tehran,Via Strait of Hormuz,Via Red Sea–Suez route,9354,10704,1350,5415.41,0.7
2026-03-25,Cargolux,CA903,Kuwait City,Mumbai,Via Persian Gulf,Via Indian Ocean southern route,3905,6707,2802,11781.3,3.3
2026-03-25,Mahan Air,MA9901,Frankfurt,Dubai,Via Strait of Hormuz,Via Red Sea–Suez route,3030,3665,635,2829.75,5.1
2026-03-25,United Airlines,UN6572,Istanbul,Dubai,Direct Middle East overfly,Via Central Asian detour,5667,7804,2137,13643.7,5.7
2026-03-25,EgyptAir,EG9595,Istanbul,Tehran,Via Iran/Iraq corridor,Via Egypt–East Africa southern route,9708,11865,2157,14940.98,0.6
2026-03-25,IndiGo,IN7673,Tehran,Istanbul,Via Baghdad FIR,Via Ankara–Baku corridor,7470,8243,773,4885.0,1.3
2026-03-25,Air Arabia,AI5305,Doha,Lahore,Direct Tehran overfly,Via Ashgabat–Almaty route,5875,7443,1568,6835.52,3.2
2026-03-25,Emirates SkyCargo,EM4109,Dubai,Cairo,Via Persian Gulf,Via Indian Ocean southern route,5258,8051,2793,15469.39,4.9
2026-03-25,Thai Airways,TH4074,Dubai,Bahrain,Direct Gulf route,Via Jordan–Egypt alternate,5863,6371,508,3412.49,2.0
2026-03-25,Delta Air Lines,DE8265,Mumbai,Kuwait City,Direct Tehran overfly,Via Ashgabat–Almaty route,11648,12693,1045,7044.16,5.3
2026-03-25,United Airlines,UN9371,Karachi,Dubai,Via Iran/Iraq corridor,Via Turkey–Kazakhstan northern route,11687,13076,1389,8286.23,1.9
2026-03-25,Emirates,EM5614,Muscat,London,Direct Gulf route,Via Jordan–Egypt alternate,4769,5429,660,2831.59,4.8
2026-03-25,American Airlines,AM2226,Dubai,Karachi,Direct Gulf route,Via Jordan–Egypt alternate,4777,5183,406,2263.28,5.1
2026-03-25,Oman Air,OM4643,Islamabad,Dubai,Direct Tehran overfly,Via Ashgabat–Almaty route,7768,9074,1306,6781.63,2.2
2026-03-25,FedEx Express,FE4338,Washington,Abu Dhabi,Direct Tehran overfly,Via Ashgabat–Almaty route,11264,13128,1864,8755.81,3.1
2026-03-25,Air Arabia,AI7510,Singapore,Dubai,Direct Tehran overfly,Via Ashgabat–Almaty route,7195,8367,1172,7053.4,5.3
2026-03-25,Air Arabia,AI778,Los Angeles,Doha,Direct Middle East overfly,Via Central Asian detour,2143,4151,2008,12573.31,2.9
2026-03-26,Qatar Airways,QA7619,Tehran,Istanbul,Via Strait of Hormuz,Via Red Sea–Suez route,9398,10761,1363,6653.43,1.9
2026-03-26,Emirates SkyCargo,EM7184,Doha,Los Angeles,Direct Gulf route,Via Jordan–Egypt alternate,7333,8114,781,5150.67,3.8
2026-03-26,EgyptAir,EG8229,Doha,Lahore,Via Persian Gulf,Via Indian Ocean southern route,4077,7531,3454,17091.8,2.1
2026-03-26,Thai Airways,TH8773,London,Singapore,Direct Middle East overfly,Via Central Asian detour,10264,12102,1838,11199.26,0.5
2026-03-26,Etihad Airways,ET7291,Riyadh,Cairo,Via Strait of Hormuz,Via Red Sea–Suez route,9311,10885,1574,5702.15,3.0
2026-03-26,flydubai,FL2583,Doha,New York,Direct Middle East overfly,Via Central Asian detour,11975,12944,969,3974.97,3.4
2026-03-26,Air India,AI4335,New York,Dubai,Direct Tehran overfly,Via Ashgabat–Almaty route,2718,4484,1766,9491.04,1.9
2026-03-26,Iran Air,IR2523,Beirut,Paris,Via Baghdad FIR,Via Ankara–Baku corridor,8029,8938,909,3384.37,2.6
2026-03-26,Mahan Air,MA6022,Delhi,Istanbul,Via Baghdad FIR,Via Ankara–Baku corridor,2934,3824,890,3596.11,2.1
2026-03-27,Emirates,EM2912,London,Dubai,Via Iran/Iraq corridor,Via Egypt–East Africa southern route,7499,8938,1439,8747.03,3.7
2026-03-27,Air Arabia,AI1183,Dubai,New York,Via Iran/Iraq corridor,Via Turkey–Kazakhstan northern route,10253,11812,1559,8908.31,5.8
2026-03-27,Singapore Airlines,SI2698,New York,Doha,Via Strait of Hormuz,Via Red Sea–Suez route,10004,11150,1146,6662.66,0.8
2026-03-27,Air India,AI9101,Sydney,Dubai,Direct Gulf route,Via Jordan–Egypt alternate,10991,11480,489,2087.09,4.5
2026-03-27,Cargolux,CA7814,Dubai,Islamabad,Via Iran/Iraq corridor,Via Turkey–Kazakhstan northern route,4962,6140,1178,6381.51,5.1
2026-03-27,DHL Aviation,DH9121,Dubai,Amman,Via Baghdad FIR,Via Ankara–Baku corridor,10486,11590,1104,5667.85,1.3
2026-03-27,KLM,KL7847,Bahrain,Dubai,Via Strait of Hormuz,Via Red Sea–Suez route,7818,8981,1163,8124.24,6.0
2026-03-27,Turkish Airlines,TU4217,Paris,Beirut,Direct Middle East overfly,Via Central Asian detour,5158,6233,1075,4679.97,2.2
2026-03-27,United Airlines,UN9306,Doha,Mumbai,Direct Gulf route,Via Jordan–Egypt alternate,9390,10142,752,3065.36,4.9
2026-03-27,Ethiopian Airlines,ET4317,Frankfurt,Dubai,Via Iran/Iraq corridor,Via Turkey–Kazakhstan northern route,10136,11236,1100,6977.04,1.4
2026-03-27,flydubai,FL9726,Doha,London,Direct Gulf route,Via Jordan–Egypt alternate,5228,6410,1182,8101.03,3.4
2026-03-27,Jazeera Airways,JA1845,Dubai,New York,Direct Tehran overfly,Via Ashgabat–Almaty route,6724,8127,1403,8165.54,1.4
2026-03-27,Gulf Air,GU7793,Dubai,Istanbul,Via Iran/Iraq corridor,Via Turkey–Kazakhstan northern route,8540,9902,1362,9443.86,5.8
2026-03-27,DHL Aviation,DH6773,Dubai,Bahrain,Via Baghdad FIR,Via Ankara–Baku corridor,7446,8782,1336,6150.99,1.4
2026-03-27,Qatar Airways,QA9687,Doha,London,Direct Tehran overfly,Via Ashgabat–Almaty route,9351,10782,1431,9242.97,0.9
2026-03-27,flydubai,FL5281,Abu Dhabi,Sydney,Via Iran/Iraq corridor,Via Turkey–Kazakhstan northern route,4570,6644,2074,8000.19,2.6
2026-03-27,Cargolux,CA8327,Karachi,Dubai,Direct Middle East overfly,Via Central Asian detour,5117,6370,1253,7654.63,4.5
2026-03-27,Turkish Airlines,TU4142,Islamabad,Riyadh,Direct Tehran overfly,Via Ashgabat–Almaty route,2010,3556,1546,7991.1,1.0
2026-03-28,United Airlines,UN9604,Doha,Paris,Direct Gulf route,Via Jordan–Egypt alternate,7718,8726,1008,4421.95,1.8
2026-03-28,Ethiopian Airlines,ET4276,Paris,Dubai,Via Iran/Iraq corridor,Via Turkey–Kazakhstan northern route,9755,11905,2150,13772.82,2.8
2026-03-28,Lufthansa,LU5703,Delhi,Istanbul,Direct Gulf route,Via Jordan–Egypt alternate,5606,6748,1142,4547.09,4.2
2026-03-28,IndiGo,IN524,Paris,Doha,Direct Tehran overfly,Via Ashgabat–Almaty route,11186,12285,1099,4986.33,4.1
2026-03-28,Malaysia Airlines,MA3106,Islamabad,Riyadh,Direct Middle East overfly,Via Central Asian detour,11648,13045,1397,8670.92,2.9
2026-03-28,Iran Air,IR6539,Sydney,Dubai,Direct Middle East overfly,Via Central Asian detour,10816,11853,1037,4853.46,1.0
2026-03-28,American Airlines,AM5885,Doha,London,Via Strait of Hormuz,Via Red Sea–Suez route,2665,4397,1732,12100.59,4.1
2026-03-28,Etihad Airways,ET3953,Abu Dhabi,London,Direct Tehran overfly,Via Ashgabat–Almaty route,9579,10649,1070,3786.88,0.9
2026-03-28,Singapore Airlines,SI235,Cairo,Riyadh,Via Persian Gulf,Via Indian Ocean southern route,4950,7343,2393,14350.21,0.8
2026-03-28,Malaysia Airlines,MA380,Bahrain,London,Via Strait of Hormuz,Via Red Sea–Suez route,5283,6358,1075,6528.68,3.8
2026-03-28,Lufthansa,LU1245,Dubai,Frankfurt,Direct Tehran overfly,Via Ashgabat–Almaty route,9438,11051,1613,6820.49,5.0
2026-03-28,IndiGo,IN3036,London,Muscat,Direct Tehran overfly,Via Ashgabat–Almaty route,4098,5700,1602,10980.53,3.4
2026-03-28,Cargolux,CA8175,London,Bahrain,Direct Tehran overfly,Via Ashgabat–Almaty route,5906,7770,1864,9066.91,2.4
2026-03-28,KLM,KL837,Singapore,London,Direct Gulf route,Via Jordan–Egypt alternate,2445,3447,1002,4839.66,3.3
2026-03-28,Jazeera Airways,JA5728,Dubai,Karachi,Via Iran/Iraq corridor,Via Turkey–Kazakhstan northern route,3755,4863,1108,5848.59,3.0
2026-03-28,EgyptAir,EG780,Paris,Doha,Via Iran/Iraq corridor,Via Turkey–Kazakhstan northern route,5126,6208,1082,7402.76,3.0
2026-03-28,FedEx Express,FE9714,Islamabad,Riyadh,Via Baghdad FIR,Via Ankara–Baku corridor,2014,3063,1049,7080.66,1.5
2026-03-28,IndiGo,IN4916,Frankfurt,Dubai,Via Baghdad FIR,Via Ankara–Baku corridor,7868,9243,1375,5769.23,2.2
2026-03-28,DHL Aviation,DH9256,Abu Dhabi,Sydney,Via Iran/Iraq corridor,Via Turkey–Kazakhstan northern route,4433,5714,1281,5687.68,4.2
2026-03-28,Ethiopian Airlines,ET257,Dubai,Sydney,Direct Tehran overfly,Via Ashgabat–Almaty route,4549,5340,791,4372.73,2.3
2026-03-28,Emirates,EM6878,Karachi,Dubai,Direct Gulf route,Via Jordan–Egypt alternate,2467,3016,549,2399.02,1.1
2026-03-28,Malaysia Airlines,MA1563,London,Singapore,Via Baghdad FIR,Via Ankara–Baku corridor,11839,13335,1496,6911.8,4.3
2026-03-29,Cargolux,CA2605,Dubai,Frankfurt,Via Baghdad FIR,Via Ankara–Baku corridor,3523,4197,674,3907.14,5.9
2026-03-29,Singapore Airlines,SI613,Islamabad,Riyadh,Direct Gulf route,Via Jordan–Egypt alternate,4421,5518,1097,3883.56,5.4
2026-03-29,Iran Air,IR3496,New York,Dubai,Via Persian Gulf,Via Indian Ocean southern route,9750,12153,2403,9473.3,1.3
2026-03-29,Delta Air Lines,DE7131,Abu Dhabi,London,Via Strait of Hormuz,Via Red Sea–Suez route,11584,12949,1365,8852.65,1.5
2026-03-29,United Airlines,UN6127,Los Angeles,Doha,Via Persian Gulf,Via Indian Ocean southern route,3089,6342,3253,13498.48,4.0
2026-03-29,American Airlines,AM9801,Delhi,Istanbul,Via Iran/Iraq corridor,Via Turkey–Kazakhstan northern route,10082,11293,1211,7428.04,4.8
2026-03-29,British Airways,BR3766,Mumbai,Kuwait City,Via Baghdad FIR,Via Ankara–Baku corridor,9220,10214,994,3751.18,2.1
2026-03-29,Air France,AI2512,Doha,Los Angeles,Direct Tehran overfly,Via Ashgabat–Almaty route,9960,11541,1581,7342.51,0.9
2026-03-29,IndiGo,IN573,Islamabad,Dubai,Via Persian Gulf,Via Indian Ocean southern route,10612,12325,1713,8885.81,5.7
2026-03-29,Cargolux,CA6495,Washington,Abu Dhabi,Via Iran/Iraq corridor,Via Turkey–Kazakhstan northern route,4091,5001,910,5698.41,4.8
2026-03-29,Kuwait Airways,KU1005,Kuwait City,Cairo,Direct Gulf route,Via Jordan–Egypt alternate,4086,4629,543,2034.53,1.8
2026-03-29,Emirates,EM2944,Frankfurt,Dubai,Direct Tehran overfly,Via Ashgabat–Almaty route,10555,11445,890,3352.06,2.2
2026-03-30,Mahan Air,MA9912,London,Abu Dhabi,Direct Gulf route,Via Jordan–Egypt alternate,8861,9306,445,1967.11,0.9
2026-03-30,Etihad Airways,ET9017,Dubai,New York,Direct Middle East overfly,Via Central Asian detour,6168,8056,1888,9824.54,5.9
2026-03-30,DHL Aviation,DH328,Doha,Paris,Via Iran/Iraq corridor,Via Egypt–East Africa southern route,3367,5058,1691,8803.87,4.5
2026-03-30,Emirates SkyCargo,EM3287,Dubai,Karachi,Via Strait of Hormuz,Via Red Sea–Suez route,5600,7284,1684,7885.36,0.6
2026-03-30,EgyptAir,EG3798,Amman,Dubai,Direct Tehran overfly,Via Ashgabat–Almaty route,11175,12867,1692,8127.08,1.2
2026-03-30,Kuwait Airways,KU5143,Washington,Abu Dhabi,Direct Tehran overfly,Via Ashgabat–Almaty route,8113,9807,1694,6021.99,2.5
2026-03-30,Etihad Airways,ET1203,Bahrain,Dubai,Direct Tehran overfly,Via Ashgabat–Almaty route,5974,7372,1398,7095.28,3.7
2026-03-30,Emirates,EM3857,Riyadh,Cairo,Direct Gulf route,Via Jordan–Egypt alternate,8999,10122,1123,4513.14,2.7
2026-03-30,Cargolux,CA9016,Washington,Abu Dhabi,Direct Middle East overfly,Via Central Asian detour,7742,9810,2068,10870.07,3.9
2026-03-30,Emirates SkyCargo,EM3775,Karachi,Istanbul,Direct Middle East overfly,Via Central Asian detour,7599,8982,1383,7703.41,1.8
2026-03-30,Singapore Airlines,SI3013,Paris,Dubai,Direct Middle East overfly,Via Central Asian detour,10786,12177,1391,5759.16,5.5
2026-03-30,Kuwait Airways,KU9246,Kuwait City,London,Direct Middle East overfly,Via Central Asian detour,10304,12256,1952,12192.25,4.4
2026-03-30,Oman Air,OM9426,Abu Dhabi,Sydney,Via Strait of Hormuz,Via Red Sea–Suez route,7310,8066,756,3928.23,4.5
2026-03-30,Iran Air,IR768,Mumbai,Dubai,Via Persian Gulf,Via Indian Ocean southern route,5959,7678,1719,9238.7,0.9
2026-03-30,Emirates,EM8472,Karachi,Istanbul,Via Iran/Iraq corridor,Via Turkey–Kazakhstan northern route,4041,6004,1963,8432.81,4.3
2026-03-31,Oman Air,OM2884,Paris,Beirut,Via Iran/Iraq corridor,Via Egypt–East Africa southern route,10012,11569,1557,6406.82,0.7
2026-03-31,EgyptAir,EG5634,Abu Dhabi,Washington,Via Strait of Hormuz,Via Red Sea–Suez route,10082,11128,1046,6637.79,5.3
2026-03-31,Oman Air,OM137,Mumbai,Doha,Via Strait of Hormuz,Via Red Sea–Suez route,5506,6726,1220,7606.26,3.3
2026-03-31,Air India,AI9822,Paris,Doha,Direct Tehran overfly,Via Ashgabat–Almaty route,11497,13214,1717,6708.57,0.7
2026-03-31,Gulf Air,GU1595,Karachi,Dubai,Via Persian Gulf,Via Indian Ocean southern route,3887,6369,2482,15620.43,5.9
2026-03-31,Air India,AI8013,Islamabad,Dubai,Direct Tehran overfly,Via Ashgabat–Almaty route,10695,11893,1198,5218.7,3.3
2026-03-31,KLM,KL7784,Islamabad,Dubai,Via Baghdad FIR,Via Ankara–Baku corridor,11695,12455,760,4815.63,4.1
2026-03-31,Mahan Air,MA7019,New York,Dubai,Via Baghdad FIR,Via Ankara–Baku corridor,10931,11551,620,4269.59,3.0
2026-03-31,Ethiopian Airlines,ET1310,Riyadh,London,Via Iran/Iraq corridor,Via Egypt–East Africa southern route,7353,9730,2377,14530.52,4.9
2026-03-31,Kuwait Airways,KU5872,Dubai,Frankfurt,Via Iran/Iraq corridor,Via Turkey–Kazakhstan northern route,9949,11674,1725,9396.81,4.6
2026-03-31,Kuwait Airways,KU6426,Istanbul,Delhi,Via Baghdad FIR,Via Ankara–Baku corridor,9095,10483,1388,8278.98,5.7
2026-03-31,Delta Air Lines,DE8488,Kuwait City,London,Direct Middle East overfly,Via Central Asian detour,10722,12422,1700,9496.82,5.2
2026-03-31,Thai Airways,TH853,Riyadh,London,Direct Tehran overfly,Via Ashgabat–Almaty route,7011,7763,752,4046.68,4.4
2026-03-31,KLM,KL621,Dubai,Delhi,Via Strait of Hormuz,Via Red Sea–Suez route,7855,9179,1324,5275.07,5.7
2026-04-01,FedEx Express,FE7993,Moscow,Tehran,Via Persian Gulf,Via Indian Ocean southern route,2442,4701,2259,11675.94,0.6
2026-04-01,Air Arabia,AI5761,Lahore,Doha,Direct Gulf route,Via Jordan–Egypt alternate,4745,5745,1000,5168.61,5.7
2026-04-01,DHL Aviation,DH9344,London,Riyadh,Via Persian Gulf,Via Indian Ocean southern route,5653,7984,2331,15234.98,1.3
2026-04-01,Air France,AI8173,London,Riyadh,Direct Middle East overfly,Via Central Asian detour,4900,6083,1183,4564.91,4.6
2026-04-01,American Airlines,AM1432,Karachi,Istanbul,Via Iran/Iraq corridor,Via Turkey–Kazakhstan northern route,5322,7396,2074,10527.41,5.7
2026-04-01,Air Arabia,AI4990,Singapore,London,Via Iran/Iraq corridor,Via Egypt–East Africa southern route,6707,8471,1764,6257.73,4.6
2026-04-01,Emirates SkyCargo,EM6483,Doha,Paris,Via Persian Gulf,Via Indian Ocean southern route,9070,11470,2400,11170.56,5.4
2026-04-01,British Airways,BR1492,Doha,Lahore,Via Strait of Hormuz,Via Red Sea–Suez route,3018,4069,1051,5444.81,3.9
2026-04-01,United Airlines,UN1031,London,Muscat,Via Strait of Hormuz,Via Red Sea–Suez route,2270,3725,1455,8867.86,3.2
2026-04-01,Turkish Airlines,TU9398,Istanbul,Tehran,Direct Tehran overfly,Via Ashgabat–Almaty route,11976,12894,918,6265.94,5.7
2026-04-01,Etihad Airways,ET7400,Singapore,Dubai,Via Iran/Iraq corridor,Via Turkey–Kazakhstan northern route,3467,5446,1979,10353.17,1.5
2026-04-01,Oman Air,OM7832,Cairo,Riyadh,Via Iran/Iraq corridor,Via Egypt–East Africa southern route,10476,12100,1624,9976.79,0.7
2026-04-01,KLM,KL5644,Singapore,London,Direct Middle East overfly,Via Central Asian detour,5041,6959,1918,7804.07,1.4
2026-04-01,Emirates SkyCargo,EM8407,Dubai,Bahrain,Direct Tehran overfly,Via Ashgabat–Almaty route,2452,3379,927,3663.66,5.4
2026-04-02,Air India,AI7706,New York,Doha,Via Strait of Hormuz,Via Red Sea–Suez route,5597,6618,1021,3585.91,1.8
2026-04-02,Air France,AI2369,Moscow,Tehran,Direct Gulf route,Via Jordan–Egypt alternate,11244,11786,542,2606.03,0.5
2026-04-02,Thai Airways,TH9382,Dubai,Amman,Via Persian Gulf,Via Indian Ocean southern route,11323,14191,2868,10972.88,3.2
2026-04-02,flydubai,FL3062,Muscat,London,Direct Middle East overfly,Via Central Asian detour,11041,13200,2159,14067.01,2.1
2026-04-02,Thai Airways,TH1475,Riyadh,Cairo,Via Iran/Iraq corridor,Via Egypt–East Africa southern route,5553,6957,1404,8466.67,2.7
2026-04-02,Iran Air,IR5700,Tehran,Beijing,Via Iran/Iraq corridor,Via Turkey–Kazakhstan northern route,6020,7311,1291,5461.6,5.2
2026-04-02,Gulf Air,GU5838,Dubai,Karachi,Via Iran/Iraq corridor,Via Egypt–East Africa southern route,4805,6878,2073,11587.89,0.5
2026-04-02,Jazeera Airways,JA1780,Dubai,Sydney,Via Persian Gulf,Via Indian Ocean southern route,9212,11310,2098,12780.95,4.9
2026-04-02,Kuwait Airways,KU5452,Lahore,Doha,Via Baghdad FIR,Via Ankara–Baku corridor,5089,5880,791,3392.83,4.4
2026-04-02,KLM,KL7687,Tehran,Moscow,Via Iran/Iraq corridor,Via Egypt–East Africa southern route,6203,8801,2598,17738.46,3.0
2026-04-02,Gulf Air,GU4680,Abu Dhabi,Washington,Direct Middle East overfly,Via Central Asian detour,5886,7652,1766,10170.69,1.3
2026-04-03,Emirates,EM9094,Kuwait City,Cairo,Direct Tehran overfly,Via Ashgabat–Almaty route,10621,11703,1082,6683.77,2.9
2026-04-03,Saudi Arabian Airlines,SA8413,Riyadh,Cairo,Via Iran/Iraq corridor,Via Turkey–Kazakhstan northern route,3612,5572,1960,7696.08,4.6
2026-04-03,Iran Air,IR9672,Dubai,Karachi,Direct Gulf route,Via Jordan–Egypt alternate,8417,8885,468,2007.04,3.6
2026-04-03,Air Arabia,AI7680,Singapore,Dubai,Via Iran/Iraq corridor,Via Egypt–East Africa southern route,8599,11305,2706,11408.43,0.5
2026-04-03,KLM,KL9756,Dubai,Mumbai,Direct Middle East overfly,Via Central Asian detour,2091,4309,2218,9837.85,1.3
2026-04-03,Gulf Air,GU716,Karachi,Dubai,Via Strait of Hormuz,Via Red Sea–Suez route,6677,7548,871,4412.59,4.1
2026-04-03,Thai Airways,TH6668,Moscow,Tehran,Via Iran/Iraq corridor,Via Egypt–East Africa southern route,8775,9914,1139,5715.5,3.4
2026-04-03,Etihad Airways,ET2602,Doha,Paris,Via Persian Gulf,Via Indian Ocean southern route,3752,5910,2158,11937.62,1.8
2026-04-03,Thai Airways,TH4451,Tehran,Moscow,Via Iran/Iraq corridor,Via Turkey–Kazakhstan northern route,8994,10413,1419,7143.73,4.5
2026-04-03,EgyptAir,EG9141,Bahrain,London,Via Baghdad FIR,Via Ankara–Baku corridor,7367,8363,996,4194.85,2.8
2026-04-03,IndiGo,IN4918,London,Bahrain,Via Persian Gulf,Via Indian Ocean southern route,4708,7584,2876,17271.74,3.5
2026-04-03,Emirates,EM2466,Dubai,Cairo,Via Baghdad FIR,Via Ankara–Baku corridor,4921,5564,643,4331.66,4.4
2026-04-03,Mahan Air,MA2752,London,Abu Dhabi,Direct Tehran overfly,Via Ashgabat–Almaty route,7969,9329,1360,7742.05,4.6
2026-04-03,Saudi Arabian Airlines,SA2520,Riyadh,Cairo,Direct Tehran overfly,Via Ashgabat–Almaty route,7782,8709,927,6224.5,4.2
2026-04-04,EgyptAir,EG6890,Muscat,London,Direct Gulf route,Via Jordan–Egypt alternate,6183,7179,996,5874.91,2.4
2026-04-04,American Airlines,AM3743,Mumbai,Doha,Direct Tehran overfly,Via Ashgabat–Almaty route,9719,11538,1819,9583.7,4.3
2026-04-04,KLM,KL7781,Doha,New York,Direct Gulf route,Via Jordan–Egypt alternate,4011,4922,911,3929.73,3.0
2026-04-04,Delta Air Lines,DE726,Riyadh,Cairo,Via Baghdad FIR,Via Ankara–Baku corridor,2104,3511,1407,6542.47,5.6
2026-04-04,FedEx Express,FE3753,Bahrain,Dubai,Via Strait of Hormuz,Via Red Sea–Suez route,7984,9616,1632,11350.54,1.1
2026-04-04,United Airlines,UN8495,Dubai,Karachi,Direct Tehran overfly,Via Ashgabat–Almaty route,3948,5685,1737,11251.83,3.5
2026-04-04,Kuwait Airways,KU4775,Dubai,Frankfurt,Direct Gulf route,Via Jordan–Egypt alternate,3217,4051,834,4014.28,0.9
2026-04-04,Air France,AI5697,Istanbul,Dubai,Direct Gulf route,Via Jordan–Egypt alternate,7540,8662,1122,5361.82,5.7
2026-04-04,United Airlines,UN6256,Tehran,Beijing,Direct Gulf route,Via Jordan–Egypt alternate,8067,8862,795,3869.62,4.9
2026-04-04,Emirates,EM1940,Dubai,Frankfurt,Via Iran/Iraq corridor,Via Egypt–East Africa southern route,11393,12781,1388,8834.7,3.5
2026-04-04,Lufthansa,LU112,Abu Dhabi,Sydney,Direct Tehran overfly,Via Ashgabat–Almaty route,2449,4022,1573,10927.84,0.9
2026-04-04,Delta Air Lines,DE4265,Cairo,Kuwait City,Direct Gulf route,Via Jordan–Egypt alternate,2468,3093,625,2762.45,5.5
2026-04-04,Jazeera Airways,JA6843,Tehran,Beijing,Direct Tehran overfly,Via Ashgabat–Almaty route,7070,8012,942,5485.02,4.5
2026-04-04,Ethiopian Airlines,ET1882,Paris,Doha,Via Iran/Iraq corridor,Via Egypt–East Africa southern route,7741,9359,1618,10333.18,3.8
2026-04-04,American Airlines,AM7990,Paris,Dubai,Direct Middle East overfly,Via Central Asian detour,9899,11720,1821,9493.95,5.1
2026-04-05,Kuwait Airways,KU7531,Kuwait City,London,Direct Tehran overfly,Via Ashgabat–Almaty route,9944,11743,1799,8575.13,1.0
2026-04-05,Emirates,EM6176,Karachi,Dubai,Via Strait of Hormuz,Via Red Sea–Suez route,3118,4854,1736,7253.69,5.9
2026-04-05,Ethiopian Airlines,ET9350,Dubai,Frankfurt,Direct Gulf route,Via Jordan–Egypt alternate,9695,10493,798,3298.82,2.3
2026-04-05,Delta Air Lines,DE6923,Riyadh,Cairo,Direct Gulf route,Via Jordan–Egypt alternate,10578,11015,437,1802.35,4.8
2026-04-05,FedEx Express,FE4259,Karachi,Dubai,Via Iran/Iraq corridor,Via Turkey–Kazakhstan northern route,2924,5009,2085,7392.5,1.1
2026-04-05,Ethiopian Airlines,ET6132,Islamabad,Riyadh,Direct Gulf route,Via Jordan–Egypt alternate,2896,3975,1079,4967.7,3.8
2026-04-05,Gulf Air,GU8514,Delhi,Istanbul,Via Iran/Iraq corridor,Via Turkey–Kazakhstan northern route,4799,6488,1689,8350.29,1.9
2026-04-05,Etihad Airways,ET7837,London,Abu Dhabi,Direct Tehran overfly,Via Ashgabat–Almaty route,3947,5746,1799,10546.56,3.2
2026-04-05,Emirates,EM742,Mumbai,Dubai,Via Iran/Iraq corridor,Via Turkey–Kazakhstan northern route,10382,11477,1095,7504.01,0.9
2026-04-05,Ethiopian Airlines,ET676,London,Bahrain,Via Iran/Iraq corridor,Via Egypt–East Africa southern route,6150,8778,2628,9841.43,4.2
2026-04-05,IndiGo,IN3627,Bahrain,London,Direct Tehran overfly,Via Ashgabat–Almaty route,4672,5917,1245,4369.99,0.4
2026-04-05,Delta Air Lines,DE6349,Dubai,Sydney,Via Baghdad FIR,Via Ankara–Baku corridor,3291,4574,1283,8327.18,5.8
2026-04-05,Pakistan International Airlines,PA5934,Cairo,Kuwait City,Direct Gulf route,Via Jordan–Egypt alternate,11928,12342,414,2516.61,5.7
2026-04-06,Gulf Air,GU7985,Islamabad,Riyadh,Via Strait of Hormuz,Via Red Sea–Suez route,6966,8569,1603,10151.87,5.9
2026-04-06,Gulf Air,GU3914,London,Abu Dhabi,Via Iran/Iraq corridor,Via Egypt–East Africa southern route,9033,10643,1610,6316.58,2.8
2026-04-06,Kuwait Airways,KU1598,Paris,Beirut,Via Strait of Hormuz,Via Red Sea–Suez route,7817,9563,1746,9892.76,4.3
2026-04-06,Thai Airways,TH5969,Dubai,Sydney,Direct Gulf route,Via Jordan–Egypt alternate,2129,2855,726,2639.51,3.0
2026-04-06,Thai Airways,TH1360,Sydney,Dubai,Via Baghdad FIR,Via Ankara–Baku corridor,3960,4705,745,3987.47,5.2
2026-04-06,Etihad Airways,ET1416,Sydney,Abu Dhabi,Via Strait of Hormuz,Via Red Sea–Suez route,4815,5873,1058,7080.04,5.2
2026-04-06,United Airlines,UN5780,Riyadh,Islamabad,Via Iran/Iraq corridor,Via Egypt–East Africa southern route,9332,10570,1238,4953.19,3.6
2026-04-06,Air France,AI7951,Sydney,Dubai,Via Baghdad FIR,Via Ankara–Baku corridor,5717,7079,1362,8556.82,3.7
2026-04-06,Air France,AI6593,Abu Dhabi,London,Via Baghdad FIR,Via Ankara–Baku corridor,11984,12967,983,4781.58,6.0
2026-04-06,Cargolux,CA9961,Cairo,Kuwait City,Via Strait of Hormuz,Via Red Sea–Suez route,10947,12482,1535,8011.52,2.7
2026-04-06,KLM,KL300,Riyadh,London,Direct Tehran overfly,Via Ashgabat–Almaty route,11100,12818,1718,10413.11,1.7
2026-04-06,Saudi Arabian Airlines,SA8649,Sydney,Dubai,Direct Gulf route,Via Jordan–Egypt alternate,5461,6018,557,2691.72,1.4
2026-04-07,Oman Air,OM5990,Abu Dhabi,Washington,Direct Middle East overfly,Via Central Asian detour,4510,6739,2229,11953.3,1.6
2026-04-07,Ethiopian Airlines,ET6076,Mumbai,Kuwait City,Via Persian Gulf,Via Indian Ocean southern route,7081,9206,2125,13258.03,4.0
2026-04-07,Malaysia Airlines,MA6410,Doha,Paris,Via Persian Gulf,Via Indian Ocean southern route,8962,12459,3497,17195.01,1.8
2026-04-07,Oman Air,OM5216,Tehran,Moscow,Via Strait of Hormuz,Via Red Sea–Suez route,7068,8522,1454,9525.57,4.1
2026-04-07,Jazeera Airways,JA7208,Abu Dhabi,Washington,Via Strait of Hormuz,Via Red Sea–Suez route,6136,7197,1061,4462.89,0.7
2026-04-07,Etihad Airways,ET1249,Islamabad,Riyadh,Via Baghdad FIR,Via Ankara–Baku corridor,2457,3730,1273,7892.96,5.3
2026-04-07,Iran Air,IR7807,Lahore,Doha,Direct Gulf route,Via Jordan–Egypt alternate,5604,6393,789,3548.8,2.2
2026-04-07,Mahan Air,MA9275,Dubai,Paris,Via Persian Gulf,Via Indian Ocean southern route,6294,8594,2300,10476.92,0.9
2026-04-07,Oman Air,OM4082,London,Dubai,Via Persian Gulf,Via Indian Ocean southern route,5711,7261,1550,8121.52,0.5
2026-04-08,DHL Aviation,DH6491,Paris,Doha,Via Baghdad FIR,Via Ankara–Baku corridor,2192,2807,615,3809.32,6.0
2026-04-08,flydubai,FL6214,Dubai,Singapore,Via Baghdad FIR,Via Ankara–Baku corridor,6588,7750,1162,4537.31,3.1
2026-04-08,Thai Airways,TH1095,Dubai,Cairo,Direct Gulf route,Via Jordan–Egypt alternate,4732,5413,681,4010.68,5.5
2026-04-08,American Airlines,AM9936,Riyadh,Islamabad,Via Strait of Hormuz,Via Red Sea–Suez route,10605,11654,1049,4423.89,5.9
2026-04-08,Pakistan International Airlines,PA1349,Cairo,Riyadh,Via Persian Gulf,Via Indian Ocean southern route,8511,11674,3163,16730.91,2.1
2026-04-08,Emirates SkyCargo,EM5457,Dubai,Delhi,Direct Middle East overfly,Via Central Asian detour,4036,5994,1958,12027.6,2.7
2026-04-08,Emirates SkyCargo,EM4545,Istanbul,Karachi,Via Iran/Iraq corridor,Via Egypt–East Africa southern route,5378,7093,1715,6337.33,3.6
2026-04-08,Etihad Airways,ET1979,Dubai,Mumbai,Via Iran/Iraq corridor,Via Turkey–Kazakhstan northern route,4625,6374,1749,7655.99,6.0
2026-04-08,Cargolux,CA1524,Dubai,Frankfurt,Via Baghdad FIR,Via Ankara–Baku corridor,10751,11815,1064,6514.75,1.1
2026-04-08,Malaysia Airlines,MA279,Washington,Abu Dhabi,Via Strait of Hormuz,Via Red Sea–Suez route,9723,10479,756,5074.39,5.3
2026-04-08,Malaysia Airlines,MA7319,London,Muscat,Via Strait of Hormuz,Via Red Sea–Suez route,7110,8577,1467,8906.55,4.1
2026-04-08,Etihad Airways,ET5813,Singapore,London,Direct Tehran overfly,Via Ashgabat–Almaty route,3304,4097,793,3615.16,5.3
2026-04-08,Emirates,EM4005,London,Muscat,Via Iran/Iraq corridor,Via Turkey–Kazakhstan northern route,9900,12030,2130,14519.78,4.8
2026-04-08,Malaysia Airlines,MA4988,Mumbai,Doha,Via Strait of Hormuz,Via Red Sea–Suez route,9770,11136,1366,8572.66,4.8
2026-04-08,Emirates,EM597,Delhi,Istanbul,Via Iran/Iraq corridor,Via Egypt–East Africa southern route,4100,6096,1996,13639.98,5.8
2026-04-08,Thai Airways,TH8564,Istanbul,Dubai,Via Persian Gulf,Via Indian Ocean southern route,6754,8376,1622,11098.34,3.0
2026-04-08,Ethiopian Airlines,ET7559,Tehran,Moscow,Via Iran/Iraq corridor,Via Egypt–East Africa southern route,7911,10361,2450,16754.96,4.3
2026-04-08,Kuwait Airways,KU4746,Riyadh,London,Via Iran/Iraq corridor,Via Turkey–Kazakhstan northern route,5666,6849,1183,7519.64,2.8
2026-04-08,Delta Air Lines,DE9635,Paris,Doha,Via Iran/Iraq corridor,Via Egypt–East Africa southern route,6918,8372,1454,6756.46,1.9
2026-04-09,United Airlines,UN2624,Kuwait City,London,Via Persian Gulf,Via Indian Ocean southern route,2603,4870,2267,10427.71,5.4
2026-04-09,DHL Aviation,DH7628,London,Doha,Direct Tehran overfly,Via Ashgabat–Almaty route,10685,11402,717,3572.86,2.8
2026-04-09,Emirates,EM1399,New York,Doha,Direct Middle East overfly,Via Central Asian detour,9467,10822,1355,4876.71,4.1
2026-04-09,Jazeera Airways,JA9352,Mumbai,Doha,Direct Tehran overfly,Via Ashgabat–Almaty route,9754,11703,1949,9172.92,0.5
2026-04-09,Iran Air,IR3000,Bahrain,London,Direct Gulf route,Via Jordan–Egypt alternate,6471,7289,818,3221.0,3.4
2026-04-09,Lufthansa,LU8317,Muscat,London,Via Persian Gulf,Via Indian Ocean southern route,3367,4893,1526,6237.22,4.3
2026-04-09,British Airways,BR8677,Paris,Doha,Direct Middle East overfly,Via Central Asian detour,3767,5969,2202,9749.09,2.4
2026-04-09,Cargolux,CA9721,Muscat,London,Via Baghdad FIR,Via Ankara–Baku corridor,3963,4568,605,2202.66,0.4
2026-04-09,IndiGo,IN9489,Mumbai,Doha,Direct Gulf route,Via Jordan–Egypt alternate,11987,12816,829,4014.57,2.9
2026-04-10,EgyptAir,EG7537,London,Abu Dhabi,Direct Gulf route,Via Jordan–Egypt alternate,3818,4812,994,5181.5,3.5
2026-04-10,Singapore Airlines,SI5379,Dubai,Frankfurt,Direct Gulf route,Via Jordan–Egypt alternate,3924,4947,1023,5243.0,4.3
2026-04-10,United Airlines,UN9282,Karachi,Istanbul,Direct Tehran overfly,Via Ashgabat–Almaty route,10730,11698,968,6691.32,2.8
2026-04-10,flydubai,FL9974,London,Bahrain,Via Iran/Iraq corridor,Via Turkey–Kazakhstan northern route,9755,11498,1743,7157.8,0.8
2026-04-10,Ethiopian Airlines,ET9296,London,Abu Dhabi,Direct Gulf route,Via Jordan–Egypt alternate,2934,3917,983,6545.01,4.5
2026-04-10,Oman Air,OM5736,Delhi,Istanbul,Via Baghdad FIR,Via Ankara–Baku corridor,5389,6269,880,5191.7,5.9
2026-04-10,DHL Aviation,DH8461,Mumbai,Kuwait City,Via Iran/Iraq corridor,Via Egypt–East Africa southern route,8502,11013,2511,15619.6,4.7
2026-04-10,Turkish Airlines,TU1942,Cairo,Riyadh,Via Baghdad FIR,Via Ankara–Baku corridor,5801,6383,582,3488.92,0.5
2026-04-10,Delta Air Lines,DE1600,Istanbul,Delhi,Direct Middle East overfly,Via Central Asian detour,4943,6371,1428,8061.97,5.1
2026-04-10,Air France,AI3678,Cairo,Riyadh,Via Strait of Hormuz,Via Red Sea–Suez route,6520,8140,1620,6058.68,2.4
2026-04-10,Pakistan International Airlines,PA9015,Tehran,Beijing,Direct Tehran overfly,Via Ashgabat–Almaty route,11267,12016,749,3275.4,5.4
2026-04-10,Saudi Arabian Airlines,SA3003,Dubai,Karachi,Direct Gulf route,Via Jordan–Egypt alternate,3913,4387,474,2397.82,2.1
2026-04-10,Emirates SkyCargo,EM5737,Doha,Paris,Direct Gulf route,Via Jordan–Egypt alternate,5711,6207,496,2485.21,3.0
2026-04-10,Oman Air,OM7030,Doha,Lahore,Via Iran/Iraq corridor,Via Egypt–East Africa southern route,6418,8614,2196,13527.0,0.8
2026-04-11,Air India,AI8929,Bahrain,Dubai,Via Strait of Hormuz,Via Red Sea–Suez route,5927,7068,1141,6921.15,3.9
2026-04-11,Emirates SkyCargo,EM4657,London,Kuwait City,Via Iran/Iraq corridor,Via Turkey–Kazakhstan northern route,11033,12073,1040,5888.44,0.7
2026-04-11,Air India,AI7390,London,Riyadh,Via Iran/Iraq corridor,Via Egypt–East Africa southern route,8875,11394,2519,17185.76,2.4
2026-04-11,United Airlines,UN1330,Riyadh,Cairo,Direct Gulf route,Via Jordan–Egypt alternate,8845,9963,1118,6357.44,1.0
2026-04-11,Emirates,EM4643,Dubai,London,Via Iran/Iraq corridor,Via Turkey–Kazakhstan northern route,5837,7783,1946,7785.25,4.6
2026-04-11,Malaysia Airlines,MA8750,London,Abu Dhabi,Via Baghdad FIR,Via Ankara–Baku corridor,8946,9570,624,4015.36,4.2
2026-04-11,IndiGo,IN1944,Riyadh,Islamabad,Direct Middle East overfly,Via Central Asian detour,9090,10173,1083,5897.21,1.9
2026-04-11,British Airways,BR5104,Islamabad,Dubai,Direct Gulf route,Via Jordan–Egypt alternate,5827,7001,1174,4480.7,3.7
2026-04-11,Air India,AI2280,Singapore,Dubai,Via Persian Gulf,Via Indian Ocean southern route,2641,4924,2283,12840.26,2.2
2026-04-12,Kuwait Airways,KU8672,Cairo,Kuwait City,Direct Tehran overfly,Via Ashgabat–Almaty route,2556,4444,1888,10592.76,2.7
2026-04-12,Air France,AI6186,Kuwait City,Cairo,Direct Tehran overfly,Via Ashgabat–Almaty route,4472,5682,1210,7049.56,5.1
2026-04-12,Cargolux,CA6388,Dubai,Frankfurt,Via Strait of Hormuz,Via Red Sea–Suez route,10618,11557,939,6279.87,1.9
2026-04-12,Emirates SkyCargo,EM2614,Dubai,Paris,Via Iran/Iraq corridor,Via Egypt–East Africa southern route,3916,5318,1402,8168.2,3.2
2026-04-12,Qatar Airways,QA9575,Dubai,Frankfurt,Via Iran/Iraq corridor,Via Egypt–East Africa southern route,8992,10070,1078,4576.4,4.5
2026-04-12,Kuwait Airways,KU4111,Delhi,Istanbul,Via Persian Gulf,Via Indian Ocean southern route,9374,11834,2460,13351.45,4.4
2026-04-12,Air India,AI9424,Sydney,Abu Dhabi,Via Baghdad FIR,Via Ankara–Baku corridor,9550,10818,1268,6764.08,1.6
2026-04-12,Air India,AI3365,Cairo,Riyadh,Direct Tehran overfly,Via Ashgabat–Almaty route,8781,10083,1302,6391.3,1.0
2026-04-12,Saudi Arabian Airlines,SA3312,Muscat,London,Direct Middle East overfly,Via Central Asian detour,9854,12118,2264,11885.16,5.7
2026-04-12,Pakistan International Airlines,PA1400,Paris,Doha,Direct Middle East overfly,Via Central Asian detour,6415,7548,1133,4342.59,5.9
2026-04-12,Lufthansa,LU4301,Dubai,New York,Direct Middle East overfly,Via Central Asian detour,6131,8377,2246,11166.23,3.0
2026-04-12,Malaysia Airlines,MA5009,Istanbul,Karachi,Via Baghdad FIR,Via Ankara–Baku corridor,6175,6995,820,5222.19,1.6
2026-04-12,Air France,AI3733,Dubai,Karachi,Via Strait of Hormuz,Via Red Sea–Suez route,7097,7825,728,3308.9,5.2
2026-04-13,British Airways,BR1314,Beijing,Tehran,Direct Middle East overfly,Via Central Asian detour,3437,5832,2395,8835.97,3.3
2026-04-13,Turkish Airlines,TU3981,London,Dubai,Direct Middle East overfly,Via Central Asian detour,4543,6139,1596,10263.83,1.1
2026-04-13,American Airlines,AM6616,Mumbai,Doha,Via Iran/Iraq corridor,Via Turkey–Kazakhstan northern route,5436,6240,804,5323.99,2.5
2026-04-13,Lufthansa,LU8006,Sydney,Dubai,Direct Gulf route,Via Jordan–Egypt alternate,11712,12650,938,6416.83,5.6
2026-04-13,Air Arabia,AI9353,Tehran,Istanbul,Via Persian Gulf,Via Indian Ocean southern route,9514,11296,1782,7364.44,5.1
2026-04-13,Qatar Airways,QA2437,Dubai,Amman,Direct Tehran overfly,Via Ashgabat–Almaty route,10235,11634,1399,8443.62,0.9
2026-04-13,Oman Air,OM9106,Abu Dhabi,Sydney,Via Baghdad FIR,Via Ankara–Baku corridor,4568,5113,545,3615.77,3.2
2026-04-13,Oman Air,OM6624,Bahrain,London,Via Strait of Hormuz,Via Red Sea–Suez route,6592,8207,1615,7528.92,4.6
2026-04-13,Emirates,EM9043,Dubai,Istanbul,Direct Gulf route,Via Jordan–Egypt alternate,8887,9983,1096,4044.64,4.6
2026-04-13,Delta Air Lines,DE4597,Cairo,Kuwait City,Via Baghdad FIR,Via Ankara–Baku corridor,3605,5056,1451,8895.93,2.3
2026-04-13,Delta Air Lines,DE2263,London,Muscat,Via Iran/Iraq corridor,Via Egypt–East Africa southern route,9810,12603,2793,15595.83,2.7
2026-04-13,Cathay Pacific,CA234,Washington,Abu Dhabi,Direct Gulf route,Via Jordan–Egypt alternate,4034,4824,790,4861.18,4.3
2026-04-13,Saudi Arabian Airlines,SA6590,Bahrain,Dubai,Via Iran/Iraq corridor,Via Egypt–East Africa southern route,9634,11365,1731,8592.73,3.7
2026-04-13,FedEx Express,FE7768,Paris,Doha,Via Strait of Hormuz,Via Red Sea–Suez route,7631,8650,1019,5986.63,0.6
2026-04-13,Lufthansa,LU6542,Dubai,Karachi,Via Iran/Iraq corridor,Via Egypt–East Africa southern route,2153,3707,1554,8364.04,4.6
2026-04-14,flydubai,FL4162,Kuwait City,Cairo,Direct Tehran overfly,Via Ashgabat–Almaty route,6458,7360,902,3865.02,5.0
2026-04-14,American Airlines,AM8895,Paris,Dubai,Direct Middle East overfly,Via Central Asian detour,7697,8748,1051,4627.99,3.1
2026-04-14,Kuwait Airways,KU9393,Tehran,Istanbul,Via Baghdad FIR,Via Ankara–Baku corridor,6725,7495,770,4147.8,5.8
2026-04-14,Lufthansa,LU3456,Frankfurt,Dubai,Direct Tehran overfly,Via Ashgabat–Almaty route,3559,5318,1759,10287.91,2.0
2026-04-14,Thai Airways,TH4149,Dubai,Bahrain,Via Baghdad FIR,Via Ankara–Baku corridor,9577,10835,1258,8397.03,5.9
2026-04-14,Emirates SkyCargo,EM4687,Istanbul,Tehran,Direct Tehran overfly,Via Ashgabat–Almaty route,4623,5643,1020,5051.66,6.0
2026-04-14,Qatar Airways,QA3110,Riyadh,Islamabad,Via Iran/Iraq corridor,Via Turkey–Kazakhstan northern route,2960,4120,1160,7896.71,4.7
2026-04-14,Cargolux,CA7207,Singapore,London,Direct Tehran overfly,Via Ashgabat–Almaty route,8751,9736,985,4171.44,5.4
2026-04-14,DHL Aviation,DH4797,Istanbul,Dubai,Direct Gulf route,Via Jordan–Egypt alternate,4532,5030,498,2859.38,0.7
2026-04-14,Turkish Airlines,TU6819,Riyadh,Islamabad,Via Iran/Iraq corridor,Via Egypt–East Africa southern route,3780,5341,1561,6713.61,1.9
2026-04-14,American Airlines,AM6667,Kuwait City,Cairo,Via Strait of Hormuz,Via Red Sea–Suez route,8418,9422,1004,4754.12,4.3
2026-04-14,flydubai,FL4505,Tehran,Istanbul,Via Iran/Iraq corridor,Via Turkey–Kazakhstan northern route,5070,7245,2175,11298.51,0.7
2026-04-14,United Airlines,UN6182,Dubai,Sydney,Direct Middle East overfly,Via Central Asian detour,4616,6067,1451,9816.35,2.2
2026-04-14,Oman Air,OM6615,London,Dubai,Direct Middle East overfly,Via Central Asian detour,9138,11615,2477,10049.69,4.2
2026-04-14,Thai Airways,TH4661,Sydney,Dubai,Via Strait of Hormuz,Via Red Sea–Suez route,2309,3836,1527,8935.84,1.4
2026-04-15,Singapore Airlines,SI5566,Cairo,Riyadh,Direct Tehran overfly,Via Ashgabat–Almaty route,5445,7234,1789,10562.29,4.9
2026-04-15,Lufthansa,LU685,Mumbai,Kuwait City,Direct Tehran overfly,Via Ashgabat–Almaty route,5063,5957,894,5406.73,5.3
2026-04-15,British Airways,BR7360,Dubai,Singapore,Via Persian Gulf,Via Indian Ocean southern route,8331,10722,2391,12496.5,5.8
2026-04-15,Turkish Airlines,TU8009,Paris,Dubai,Direct Gulf route,Via Jordan–Egypt alternate,10491,11024,533,1974.61,2.1
2026-04-15,Emirates,EM5137,Karachi,Istanbul,Via Iran/Iraq corridor,Via Egypt–East Africa southern route,11617,12726,1109,4893.67,4.5
2026-04-15,Saudi Arabian Airlines,SA6536,Istanbul,Karachi,Via Baghdad FIR,Via Ankara–Baku corridor,3808,4452,644,2999.23,4.5
2026-04-15,Delta Air Lines,DE7732,Mumbai,Dubai,Via Persian Gulf,Via Indian Ocean southern route,4631,7396,2765,13408.77,0.9
2026-04-15,Saudi Arabian Airlines,SA3826,Doha,Los Angeles,Via Strait of Hormuz,Via Red Sea–Suez route,7395,8257,862,4259.46,5.6
2026-04-15,Cathay Pacific,CA5673,Sydney,Dubai,Via Iran/Iraq corridor,Via Turkey–Kazakhstan northern route,7105,8193,1088,6488.31,3.9
2026-04-16,Singapore Airlines,SI211,Dubai,London,Via Iran/Iraq corridor,Via Egypt–East Africa southern route,6356,8989,2633,13556.12,1.9
2026-04-16,FedEx Express,FE4646,Kuwait City,Cairo,Direct Middle East overfly,Via Central Asian detour,11667,13451,1784,11425.52,2.4
2026-04-16,Emirates SkyCargo,EM4083,London,Singapore,Via Baghdad FIR,Via Ankara–Baku corridor,2184,3287,1103,7232.25,1.0
2026-04-16,IndiGo,IN6907,Tehran,Beijing,Via Iran/Iraq corridor,Via Egypt–East Africa southern route,7854,10652,2798,15800.44,5.8
2026-04-16,Pakistan International Airlines,PA541,Frankfurt,Dubai,Via Iran/Iraq corridor,Via Turkey–Kazakhstan northern route,9546,10510,964,5554.71,3.3
2026-04-16,British Airways,BR8926,Riyadh,Islamabad,Via Iran/Iraq corridor,Via Turkey–Kazakhstan northern route,3570,4600,1030,4292.91,2.0
2026-04-16,British Airways,BR8883,Mumbai,Kuwait City,Via Iran/Iraq corridor,Via Turkey–Kazakhstan northern route,6062,7899,1837,11809.51,1.4
2026-04-16,Cargolux,CA1708,Doha,London,Via Iran/Iraq corridor,Via Turkey–Kazakhstan northern route,11330,13266,1936,7670.94,0.8
2026-04-16,Saudi Arabian Airlines,SA9032,Abu Dhabi,Sydney,Via Strait of Hormuz,Via Red Sea–Suez route,6453,7498,1045,4348.26,5.6
2026-04-16,Ethiopian Airlines,ET8952,Kuwait City,London,Via Strait of Hormuz,Via Red Sea–Suez route,2516,3342,826,3502.92,5.5
2026-04-16,Qatar Airways,QA4202,Dubai,Karachi,Via Persian Gulf,Via Indian Ocean southern route,2316,4351,2035,13127.21,1.9
2026-04-16,DHL Aviation,DH5902,Riyadh,Cairo,Via Baghdad FIR,Via Ankara–Baku corridor,7084,7917,833,5747.11,4.3
2026-04-17,Saudi Arabian Airlines,SA6852,Dubai,Mumbai,Via Baghdad FIR,Via Ankara–Baku corridor,8722,9962,1240,7424.96,2.5
2026-04-17,Kuwait Airways,KU9774,Kuwait City,Cairo,Direct Middle East overfly,Via Central Asian detour,11176,12252,1076,5589.95,5.2
2026-04-17,Singapore Airlines,SI3287,Singapore,Dubai,Direct Gulf route,Via Jordan–Egypt alternate,7004,7797,793,4163.55,4.0
2026-04-17,Malaysia Airlines,MA7493,Istanbul,Tehran,Via Iran/Iraq corridor,Via Egypt–East Africa southern route,4007,5619,1612,9879.46,3.5
2026-04-17,Delta Air Lines,DE7745,Doha,Paris,Direct Tehran overfly,Via Ashgabat–Almaty route,2596,4349,1753,8224.56,1.7
2026-04-17,Iran Air,IR9896,Istanbul,Dubai,Direct Middle East overfly,Via Central Asian detour,8891,10273,1382,9455.93,5.6
2026-04-17,Jazeera Airways,JA8961,Riyadh,London,Via Iran/Iraq corridor,Via Egypt–East Africa southern route,2107,4889,2782,18859.95,4.7
2026-04-17,Thai Airways,TH6390,Dubai,Sydney,Direct Gulf route,Via Jordan–Egypt alternate,8332,8979,647,2791.04,2.9
2026-04-17,Jazeera Airways,JA4420,Sydney,Abu Dhabi,Direct Gulf route,Via Jordan–Egypt alternate,7686,8781,1095,4719.68,3.0
2026-04-17,Lufthansa,LU7024,Cairo,Riyadh,Via Persian Gulf,Via Indian Ocean southern route,2216,5153,2937,18847.53,4.7
2026-04-17,Ethiopian Airlines,ET9807,Karachi,Dubai,Via Persian Gulf,Via Indian Ocean southern route,4540,7525,2985,12551.62,5.1
2026-04-17,Cathay Pacific,CA955,Dubai,Karachi,Direct Middle East overfly,Via Central Asian detour,8195,10240,2045,10213.63,1.0
2026-04-17,Air Arabia,AI2027,Paris,Beirut,Via Baghdad FIR,Via Ankara–Baku corridor,2447,2983,536,2567.35,1.9
2026-04-17,Malaysia Airlines,MA1213,Beirut,Paris,Via Iran/Iraq corridor,Via Egypt–East Africa southern route,9895,11905,2010,12960.13,5.4
2026-04-17,Emirates SkyCargo,EM3859,Dubai,Islamabad,Via Baghdad FIR,Via Ankara–Baku corridor,10593,11471,878,3713.29,3.5
2026-04-17,Ethiopian Airlines,ET7938,Dubai,Islamabad,Direct Tehran overfly,Via Ashgabat–Almaty route,9544,11461,1917,10721.03,3.2
2026-04-17,United Airlines,UN8061,Dubai,Paris,Via Iran/Iraq corridor,Via Turkey–Kazakhstan northern route,10997,12805,1808,6714.78,0.4
2026-04-17,EgyptAir,EG7417,Riyadh,Cairo,Via Persian Gulf,Via Indian Ocean southern route,3729,6644,2915,11654.36,5.6
2026-04-18,Singapore Airlines,SI6584,Dubai,Paris,Direct Tehran overfly,Via Ashgabat–Almaty route,10923,12901,1978,7738.6,4.3
2026-04-18,Emirates SkyCargo,EM1981,Doha,Lahore,Via Iran/Iraq corridor,Via Egypt–East Africa southern route,8712,10805,2093,12169.58,4.3
2026-04-18,Pakistan International Airlines,PA2638,Doha,London,Direct Gulf route,Via Jordan–Egypt alternate,10328,10981,653,3145.92,3.2
2026-04-18,KLM,KL9344,Dubai,Islamabad,Direct Gulf route,Via Jordan–Egypt alternate,8453,9187,734,4599.66,4.4
2026-04-18,Air Arabia,AI9655,London,Muscat,Direct Tehran overfly,Via Ashgabat–Almaty route,10320,11086,766,3007.33,1.3
2026-04-18,Qatar Airways,QA2368,London,Riyadh,Via Baghdad FIR,Via Ankara–Baku corridor,4583,5242,659,3733.69,0.4
2026-04-18,Gulf Air,GU501,Frankfurt,Dubai,Direct Middle East overfly,Via Central Asian detour,2016,4266,2250,11934.75,3.5
2026-04-18,Emirates,EM565,Kuwait City,London,Via Iran/Iraq corridor,Via Egypt–East Africa southern route,9341,11645,2304,12051.24,3.3
2026-04-18,DHL Aviation,DH483,Bahrain,London,Via Persian Gulf,Via Indian Ocean southern route,2210,4087,1877,7473.42,3.9
2026-04-18,Iran Air,IR5967,London,Kuwait City,Via Strait of Hormuz,Via Red Sea–Suez route,7573,8757,1184,6292.06,5.9
2026-04-18,IndiGo,IN7445,Singapore,London,Direct Middle East overfly,Via Central Asian detour,4052,5793,1741,7832.73,2.2
2026-04-18,Singapore Airlines,SI330,Abu Dhabi,Washington,Via Persian Gulf,Via Indian Ocean southern route,4744,7478,2734,12962.71,2.2
2026-04-18,Iran Air,IR3878,London,Abu Dhabi,Via Strait of Hormuz,Via Red Sea–Suez route,8489,9170,681,2447.91,4.1
2026-04-18,Lufthansa,LU7135,London,Singapore,Via Strait of Hormuz,Via Red Sea–Suez route,3964,5354,1390,6701.95,2.2
2026-04-18,Air Arabia,AI3564,Riyadh,Islamabad,Via Baghdad FIR,Via Ankara–Baku corridor,9134,10393,1259,5469.55,3.5
2026-04-18,Singapore Airlines,SI6188,Tehran,Moscow,Via Strait of Hormuz,Via Red Sea–Suez route,2162,3881,1719,11398.94,3.4
2026-04-18,Iran Air,IR7212,Dubai,Mumbai,Via Iran/Iraq corridor,Via Egypt–East Africa southern route,4620,7328,2708,13110.9,3.9
2026-04-19,Gulf Air,GU6968,Paris,Dubai,Via Iran/Iraq corridor,Via Egypt–East Africa southern route,9451,11637,2186,8424.79,1.7
2026-04-19,British Airways,BR1504,Cairo,Kuwait City,Direct Middle East overfly,Via Central Asian detour,8879,11015,2136,13392.22,3.7
2026-04-19,Gulf Air,GU6968,Los Angeles,Doha,Via Iran/Iraq corridor,Via Egypt–East Africa southern route,9555,11054,1499,8375.37,2.0
2026-04-19,Delta Air Lines,DE4006,Delhi,Istanbul,Via Iran/Iraq corridor,Via Turkey–Kazakhstan northern route,4911,6315,1404,8036.21,5.9
2026-04-20,EgyptAir,EG2922,Mumbai,Dubai,Via Iran/Iraq corridor,Via Turkey–Kazakhstan northern route,4339,5168,829,5733.9,3.5
2026-04-20,American Airlines,AM2259,Dubai,Paris,Via Iran/Iraq corridor,Via Egypt–East Africa southern route,9790,11637,1847,11213.48,5.0
2026-04-20,American Airlines,AM9685,Karachi,Dubai,Via Iran/Iraq corridor,Via Egypt–East Africa southern route,10794,12528,1734,12007.98,5.1
2026-04-20,Saudi Arabian Airlines,SA7681,Abu Dhabi,Sydney,Via Iran/Iraq corridor,Via Turkey–Kazakhstan northern route,3791,4940,1149,6836.5,5.7
2026-04-20,Cathay Pacific,CA5298,Moscow,Tehran,Via Baghdad FIR,Via Ankara–Baku corridor,9474,10080,606,2816.34,3.0
2026-04-20,Singapore Airlines,SI8624,Dubai,Cairo,Via Baghdad FIR,Via Ankara–Baku corridor,4978,5492,514,2411.74,0.6
2026-04-20,KLM,KL8157,Paris,Beirut,Direct Tehran overfly,Via Ashgabat–Almaty route,3141,4970,1829,8252.89,1.4
2026-04-20,Oman Air,OM8978,Dubai,Karachi,Via Baghdad FIR,Via Ankara–Baku corridor,10371,10919,548,2433.58,3.1
2026-04-20,Singapore Airlines,SI6436,Cairo,Kuwait City,Direct Tehran overfly,Via Ashgabat–Almaty route,11643,13456,1813,11470.94,5.4
2026-04-20,Air Arabia,AI941,Dubai,Cairo,Direct Gulf route,Via Jordan–Egypt alternate,4411,5056,645,4435.5,3.9
2026-04-20,Cathay Pacific,CA1792,Dubai,Karachi,Direct Tehran overfly,Via Ashgabat–Almaty route,3967,5181,1214,4357.68,4.0
